Order_ID,Driver_ID,Delivery_Date,City,Pincode,Delivery_Status,Attempt_Count,Delivery_Time_Minutes,SLA_Minutes,Customer_Rating,Address_Quality,Route_Status,Exception_Type,Severity,Recommended_Action
ORD000020,DRV0183,2026-04-13,Pune,695779,Delivered,2,152,90,4.3,Good,Normal,Geocode Issue,Critical,Review and correct coordinates
ORD002628,DRV0016,2026-04-18,Mumbai,545173,Failed,2,23,45,3.9,Good,Normal,Geocode Issue,Critical,Review and correct coordinates
ORD002583,DRV0119,2026-04-28,Bengaluru,503185,Failed,1,49,60,3.7,Good,Normal,Geocode Issue,Critical,Review and correct coordinates
ORD002565,DRV0214,2026-05-29,Hyderabad,615539,Delivered,1,51,60,4.3,Good,Normal,Geocode Issue,Critical,Review and correct coordinates
ORD002544,DRV0063,2026-01-23,Pune,650718,Failed,1,60,120,3.7,Good,Normal,Geocode Issue,Critical,Review and correct coordinates
ORD002530,DRV0147,2026-06-18,Chennai,779469,Delivered,1,60,45,4.6,Good,Normal,Geocode Issue,Critical,Review and correct coordinates
ORD002506,DRV0236,2026-01-21,Mumbai,709747,Delivered,1,20,30,2.5,Good,Normal,Geocode Issue,Critical,Review and correct coordinates
ORD002502,DRV0030,2026-03-10,Pune,789662,Delivered,1,23,45,4.1,Missing,Normal,Geocode Issue,Critical,Review and correct coordinates
ORD002498,DRV0218,2026-05-31,Bengaluru,514481,Delivered,2,76,120,4.1,Good,Normal,Geocode Issue,Critical,Review and correct coordinates
ORD002496,DRV0244,2026-01-03,Pune,664768,Delivered,1,43,60,4.6,Good,Normal,Geocode Issue,Critical,Review and correct coordinates
ORD002494,DRV0015,2026-04-05,Delhi,623373,Delivered,1,25,30,3.8,Poor,Normal,Geocode Issue,Critical,Review and correct coordinates
ORD002489,DRV0229,2026-02-17,Ahmedabad,790980,Failed,2,22,30,4.1,Good,Normal,Geocode Issue,Critical,Review and correct coordinates
ORD002481,DRV0232,2026-05-07,Ahmedabad,672761,Delivered,4,83,120,3.7,Poor,Normal,Geocode Issue,Critical,Review and correct coordinates
ORD002672,DRV0025,2026-06-27,Delhi,745124,Failed,1,52,90,3.3,Poor,Normal,Geocode Issue,Critical,Review and correct coordinates
ORD002671,DRV0063,2026-03-20,Delhi,731912,Failed,1,118,90,3.7,Good,Normal,Geocode Issue,Critical,Review and correct coordinates
ORD002650,DRV0123,2026-05-17,Hyderabad,572135,Returned,2,22,30,4.5,Missing,Normal,Geocode Issue,Critical,Review and correct coordinates
ORD009971,DRV0030,2026-03-10,Bengaluru,695753,Failed,2,104,120,3.8,Good,Normal,Geocode Issue,Critical,Review and correct coordinates
ORD009966,DRV0147,2026-05-10,Delhi,584824,Returned,1,63,90,4.0,Poor,Normal,Geocode Issue,Critical,Review and correct coordinates
ORD009952,DRV0225,2026-03-09,Delhi,562099,Delivered,1,70,90,3.3,Good,Normal,Geocode Issue,Critical,Review and correct coordinates
ORD009937,DRV0146,2026-05-09,Ahmedabad,585188,Delivered,1,23,30,1.5,Good,Normal,Geocode Issue,Critical,Review and correct coordinates
ORD003355,DRV0108,2026-01-05,Pune,744375,Failed,1,23,30,4.6,Good,Normal,Geocode Issue,Critical,Review and correct coordinates
ORD004895,DRV0157,2026-06-07,Pune,545376,Delivered,1,112,120,4.8,Good,Normal,Geocode Issue,Critical,Review and correct coordinates
ORD007006,DRV0111,2026-03-30,Kolkata,586956,Failed,1,23,45,3.1,Good,Normal,Geocode Issue,Critical,Review and correct coordinates
ORD008015,DRV0190,2026-01-31,Pune,687574,Delivered,1,64,90,3.9,Good,Normal,Geocode Issue,Critical,Review and correct coordinates
ORD009992,DRV0236,2026-01-30,Hyderabad,614775,Delivered,1,90,120,3.0,Poor,Normal,Geocode Issue,Critical,Review and correct coordinates
ORD009990,DRV0152,2026-02-02,Bengaluru,661605,Delivered,1,17,30,4.0,Good,Normal,Geocode Issue,Critical,Review and correct coordinates
ORD009980,DRV0017,2026-05-06,Bengaluru,650278,Failed,2,38,45,2.0,Good,Normal,Geocode Issue,Critical,Review and correct coordinates
ORD000153,DRV0090,2026-03-02,Chennai,553899,Delivered,1,67,45,3.1,Good,Normal,Geocode Issue,Critical,Review and correct coordinates
ORD000152,DRV0057,2026-02-13,Delhi,540044,Failed,1,147,120,2.8,Good,Normal,Geocode Issue,Critical,Review and correct coordinates
ORD000150,DRV0030,2026-01-06,Kolkata,670272,Delivered,2,89,120,5.0,Good,Normal,Geocode Issue,Critical,Review and correct coordinates
ORD000128,DRV0209,2026-03-26,Mumbai,577360,Failed,1,26,45,2.7,Poor,Normal,Geocode Issue,Critical,Review and correct coordinates
ORD000051,DRV0111,2026-04-30,Delhi,731623,Delivered,1,90,120,4.2,Good,Normal,Geocode Issue,Critical,Review and correct coordinates
ORD009360,DRV0015,2026-03-22,Ahmedabad,628619,Delivered,1,51,60,4.8,Good,Normal,Geocode Issue,Critical,Review and correct coordinates
ORD009475,DRV0239,2026-06-17,Delhi,671568,Delivered,1,41,60,4.1,Good,Normal,Geocode Issue,Critical,Review and correct coordinates
ORD009466,DRV0016,2026-04-17,Delhi,579707,Returned,1,88,120,3.9,Good,Normal,Geocode Issue,Critical,Review and correct coordinates
ORD009450,DRV0207,2026-04-04,Bengaluru,563369,Delivered,1,81,120,4.5,Good,Normal,Geocode Issue,Critical,Review and correct coordinates
ORD009444,DRV0050,2026-05-01,Ahmedabad,565766,Delivered,1,42,45,3.0,Good,Normal,Geocode Issue,Critical,Review and correct coordinates
ORD009435,DRV0191,2026-02-09,Hyderabad,766576,Delivered,1,37,45,3.5,Good,Normal,Geocode Issue,Critical,Review and correct coordinates
ORD009426,DRV0221,2026-01-03,Kolkata,718408,Returned,1,31,45,4.5,Good,Normal,Geocode Issue,Critical,Review and correct coordinates
ORD009549,DRV0041,2026-06-29,Bengaluru,697172,Failed,3,21,30,3.0,Good,Normal,Geocode Issue,Critical,Review and correct coordinates
ORD009534,DRV0223,2026-06-11,Pune,785209,Failed,1,40,60,3.9,Good,Normal,Geocode Issue,Critical,Review and correct coordinates
ORD009533,DRV0073,2026-03-10,Pune,635133,Delivered,1,33,60,2.7,Good,Normal,Geocode Issue,Critical,Review and correct coordinates
ORD009604,DRV0120,2026-06-24,Chennai,763519,Delivered,1,81,120,4.5,Good,Normal,Geocode Issue,Critical,Review and correct coordinates
ORD009603,DRV0242,2026-03-23,Hyderabad,782225,Delivered,1,23,45,3.8,Good,Normal,Geocode Issue,Critical,Review and correct coordinates
ORD009570,DRV0032,2026-01-01,Mumbai,622307,Failed,1,68,120,4.8,Good,Normal,Geocode Issue,Critical,Review and correct coordinates
ORD000294,DRV0142,2026-03-26,Chennai,793522,Delivered,3,34,45,2.8,Good,Normal,Geocode Issue,Critical,Review and correct coordinates
ORD000254,DRV0014,2026-04-07,Pune,520734,Delivered,1,106,120,3.1,Missing,Normal,Geocode Issue,Critical,Review and correct coordinates
ORD009626,DRV0134,2026-03-18,Mumbai,783734,Delivered,2,16,30,2.5,Missing,Normal,Geocode Issue,Critical,Review and correct coordinates
ORD009277,DRV0038,2026-03-27,Mumbai,557440,Delivered,1,23,30,3.9,Good,Normal,Geocode Issue,Critical,Review and correct coordinates
ORD009273,DRV0074,2026-05-06,Mumbai,701064,Delivered,1,32,45,2.7,Missing,Normal,Geocode Issue,Critical,Review and correct coordinates
ORD009251,DRV0202,2026-01-06,Pune,702528,Delivered,1,64,90,3.4,Good,Normal,Geocode Issue,Critical,Review and correct coordinates
ORD009243,DRV0018,2026-04-16,Pune,554092,Delivered,1,45,60,2.7,Good,Normal,Geocode Issue,Critical,Review and correct coordinates
ORD009326,DRV0132,2026-04-05,Delhi,798687,Delivered,1,24,45,3.5,Good,Normal,Geocode Issue,Critical,Review and correct coordinates
ORD009324,DRV0034,2026-06-25,Delhi,576745,Failed,3,60,120,2.8,Good,Normal,Geocode Issue,Critical,Review and correct coordinates
ORD009318,DRV0202,2026-04-16,Bengaluru,780755,Delivered,2,19,30,3.7,Good,Anomaly,Geocode Issue,Critical,Review and correct coordinates
ORD009310,DRV0013,2026-05-30,Pune,683421,Delivered,1,31,60,4.2,Good,Normal,Geocode Issue,Critical,Review and correct coordinates
ORD009306,DRV0244,2026-02-01,Hyderabad,555105,Failed,1,40,60,3.4,Missing,Normal,Geocode Issue,Critical,Review and correct coordinates
ORD000348,DRV0043,2026-04-30,Ahmedabad,664643,Delivered,1,148,60,3.1,Good,Normal,Geocode Issue,Critical,Review and correct coordinates
ORD000341,DRV0190,2026-04-29,Mumbai,693081,Failed,3,39,45,4.2,Good,Normal,Geocode Issue,Critical,Review and correct coordinates
ORD000316,DRV0113,2026-01-01,Ahmedabad,724290,Delivered,3,42,45,4.7,Good,Normal,Geocode Issue,Critical,Review and correct coordinates
ORD000314,DRV0127,2026-03-24,Pune,648684,Delivered,1,40,45,3.1,Good,Normal,Geocode Issue,Critical,Review and correct coordinates
ORD009372,DRV0033,2026-06-05,Ahmedabad,713029,Delivered,1,35,45,4.0,Good,Normal,Geocode Issue,Critical,Review and correct coordinates
ORD009368,DRV0024,2026-05-05,Delhi,529717,Delivered,1,28,30,3.0,Missing,Normal,Geocode Issue,Critical,Review and correct coordinates
ORD009367,DRV0038,2026-05-05,Bengaluru,558610,Delivered,1,65,90,4.0,Good,Normal,Geocode Issue,Critical,Review and correct coordinates
ORD009092,DRV0071,2026-03-28,Chennai,637640,Returned,1,71,120,3.3,Good,Normal,Geocode Issue,Critical,Review and correct coordinates
ORD009066,DRV0234,2026-03-12,Pune,534554,Returned,2,25,45,2.7,Poor,Normal,Geocode Issue,Critical,Review and correct coordinates
ORD009233,DRV0231,2026-04-11,Ahmedabad,719852,Delivered,2,41,60,4.8,Poor,Normal,Geocode Issue,Critical,Review and correct coordinates
ORD009204,DRV0002,2026-03-25,Chennai,777270,Failed,1,37,45,3.6,Good,Normal,Geocode Issue,Critical,Review and correct coordinates
ORD009203,DRV0107,2026-01-15,Bengaluru,717222,Delivered,1,82,90,3.5,Good,Normal,Geocode Issue,Critical,Review and correct coordinates
ORD009172,DRV0172,2026-06-29,Bengaluru,649976,Failed,2,31,45,4.2,Good,Normal,Geocode Issue,Critical,Review and correct coordinates
ORD009171,DRV0104,2026-01-29,Bengaluru,512796,Returned,4,53,60,3.4,Good,Normal,Geocode Issue,Critical,Review and correct coordinates
ORD009170,DRV0034,2026-01-16,Bengaluru,639389,Delivered,2,49,60,3.9,Poor,Normal,Geocode Issue,Critical,Review and correct coordinates
ORD009166,DRV0091,2026-05-06,Pune,580099,Delivered,1,46,60,5.0,Good,Normal,Geocode Issue,Critical,Review and correct coordinates
ORD009163,DRV0046,2026-01-22,Ahmedabad,709453,Delivered,1,84,90,3.1,Good,Normal,Geocode Issue,Critical,Review and correct coordinates
ORD000429,DRV0085,2026-04-23,Delhi,640671,Returned,1,35,60,4.9,Good,Normal,Geocode Issue,Critical,Review and correct coordinates
ORD000424,DRV0200,2026-05-14,Pune,605734,Delivered,1,35,60,4.2,Good,Normal,Geocode Issue,Critical,Review and correct coordinates
ORD000389,DRV0202,2026-05-18,Pune,680286,Delivered,1,81,90,1.2,Missing,Normal,Geocode Issue,Critical,Review and correct coordinates
ORD000383,DRV0216,2026-05-14,Kolkata,719483,Failed,1,81,90,4.8,Good,Normal,Geocode Issue,Critical,Review and correct coordinates
ORD000380,DRV0126,2026-01-24,Pune,785278,Delivered,1,68,90,3.6,Good,Normal,Geocode Issue,Critical,Review and correct coordinates
ORD009300,DRV0124,2026-05-09,Mumbai,647624,Failed,1,61,90,3.1,Good,Normal,Geocode Issue,Critical,Review and correct coordinates
ORD008959,DRV0204,2026-02-28,Kolkata,733197,Failed,2,62,120,3.3,Good,Normal,Geocode Issue,Critical,Review and correct coordinates
ORD008944,DRV0018,2026-04-03,Hyderabad,573413,Delivered,1,67,90,3.5,Good,Normal,Geocode Issue,Critical,Review and correct coordinates
ORD008933,DRV0214,2026-02-07,Bengaluru,631093,Delivered,1,45,60,2.5,Good,Normal,Geocode Issue,Critical,Review and correct coordinates
ORD008928,DRV0143,2026-06-12,Chennai,623423,Failed,1,41,60,4.1,Good,Normal,Geocode Issue,Critical,Review and correct coordinates
ORD008924,DRV0195,2026-02-11,Delhi,518814,Delivered,1,89,120,3.1,Good,Normal,Geocode Issue,Critical,Review and correct coordinates
ORD008896,DRV0119,2026-05-16,Chennai,705870,Delivered,1,79,120,1.8,Poor,Normal,Geocode Issue,Critical,Review and correct coordinates
ORD009047,DRV0092,2026-04-01,Chennai,668703,Failed,1,25,45,3.0,Good,Normal,Geocode Issue,Critical,Review and correct coordinates
ORD009029,DRV0080,2026-06-06,Pune,712440,Delivered,1,31,45,4.2,Good,Normal,Geocode Issue,Critical,Review and correct coordinates
ORD009019,DRV0059,2026-03-16,Delhi,521951,Delivered,2,26,45,2.6,Good,Normal,Geocode Issue,Critical,Review and correct coordinates
ORD008991,DRV0106,2026-01-10,Mumbai,728724,Delivered,1,74,90,3.6,Good,Normal,Geocode Issue,Critical,Review and correct coordinates
ORD000499,DRV0224,2026-06-28,Hyderabad,777776,Delivered,1,69,90,3.4,Good,Normal,Geocode Issue,Critical,Review and correct coordinates
ORD000497,DRV0156,2026-02-15,Bengaluru,749492,Failed,1,92,120,2.7,Good,Normal,Geocode Issue,Critical,Review and correct coordinates
ORD000495,DRV0160,2026-02-12,Pune,679658,Delivered,1,18,30,2.5,Good,Normal,Geocode Issue,Critical,Review and correct coordinates
ORD000478,DRV0081,2026-02-26,Mumbai,728654,Delivered,2,32,45,4.4,Good,Normal,Geocode Issue,Critical,Review and correct coordinates
ORD000475,DRV0075,2026-03-06,Bengaluru,551486,Delivered,1,66,90,2.9,Good,Normal,Geocode Issue,Critical,Review and correct coordinates
ORD009093,DRV0144,2026-03-17,Hyderabad,667501,Delivered,2,71,120,2.5,Good,Normal,Geocode Issue,Critical,Review and correct coordinates
ORD008682,DRV0003,2026-03-23,Bengaluru,589333,Returned,1,60,120,4.3,Good,Normal,Geocode Issue,Critical,Review and correct coordinates
ORD008837,DRV0013,2026-04-01,Chennai,713278,Delivered,1,65,120,3.3,Good,Normal,Geocode Issue,Critical,Review and correct coordinates
ORD008818,DRV0180,2026-01-13,Delhi,703367,Delivered,5,110,120,3.3,Good,Normal,Geocode Issue,Critical,Review and correct coordinates
ORD008805,DRV0188,2026-05-19,Hyderabad,543318,Delivered,1,55,90,4.3,Good,Normal,Geocode Issue,Critical,Review and correct coordinates
ORD008782,DRV0071,2026-01-22,Kolkata,707734,Delivered,1,16,30,5.0,Missing,Normal,Geocode Issue,Critical,Review and correct coordinates
ORD008887,DRV0232,2026-03-20,Ahmedabad,611440,Failed,1,78,90,3.3,Good,Normal,Geocode Issue,Critical,Review and correct coordinates
ORD008880,DRV0167,2026-03-12,Pune,501910,Failed,3,97,120,3.9,Good,Normal,Geocode Issue,Critical,Review and correct coordinates
ORD008865,DRV0205,2026-02-11,Pune,628953,Delivered,3,59,90,4.0,Good,Normal,Geocode Issue,Critical,Review and correct coordinates
ORD000560,DRV0223,2026-01-18,Chennai,778468,Delivered,6,47,60,4.6,Good,Normal,Geocode Issue,Critical,Review and correct coordinates
ORD000553,DRV0191,2026-03-06,Bengaluru,752302,Returned,1,31,60,5.0,Good,Normal,Geocode Issue,Critical,Review and correct coordinates
ORD000545,DRV0102,2026-02-11,Mumbai,704327,Delivered,1,21,30,3.9,Good,Normal,Geocode Issue,Critical,Review and correct coordinates
ORD000543,DRV0089,2026-05-01,Pune,780545,Delivered,1,75,90,4.5,Good,Anomaly,Geocode Issue,Critical,Review and correct coordinates
ORD000538,DRV0022,2026-03-21,Kolkata,620248,Delivered,1,85,90,2.9,Good,Normal,Geocode Issue,Critical,Review and correct coordinates
ORD000506,DRV0202,2026-05-21,Delhi,527290,Delivered,1,27,30,4.2,Good,Normal,Geocode Issue,Critical,Review and correct coordinates
ORD008963,DRV0141,2026-03-20,Ahmedabad,773213,Delivered,1,89,120,3.4,Good,Normal,Geocode Issue,Critical,Review and correct coordinates
ORD008960,DRV0030,2026-03-03,Pune,714384,Failed,1,92,120,4.4,Good,Normal,Geocode Issue,Critical,Review and correct coordinates
ORD008544,DRV0213,2026-02-27,Hyderabad,562698,Delivered,6,38,45,1.7,Good,Normal,Geocode Issue,Critical,Review and correct coordinates
ORD008520,DRV0049,2026-06-21,Hyderabad,612821,Failed,1,108,120,3.1,Good,Normal,Geocode Issue,Critical,Review and correct coordinates
ORD008512,DRV0191,2026-04-16,Mumbai,506379,Delivered,1,35,60,4.5,Good,Normal,Geocode Issue,Critical,Review and correct coordinates
ORD008504,DRV0015,2026-04-20,Kolkata,711380,Delivered,2,28,30,3.3,Poor,Normal,Geocode Issue,Critical,Review and correct coordinates
ORD008673,DRV0058,2026-06-26,Mumbai,758986,Returned,2,36,60,3.0,Missing,Normal,Geocode Issue,Critical,Review and correct coordinates
ORD008672,DRV0162,2026-02-27,Hyderabad,571178,Delivered,1,29,45,4.3,Good,Normal,Geocode Issue,Critical,Review and correct coordinates
ORD008639,DRV0006,2026-04-07,Hyderabad,723554,Failed,1,26,30,2.7,Good,Normal,Geocode Issue,Critical,Review and correct coordinates
ORD008603,DRV0048,2026-02-05,Hyderabad,585573,Delivered,1,59,90,2.9,Good,Normal,Geocode Issue,Critical,Review and correct coordinates
ORD008580,DRV0007,2026-06-09,Kolkata,527179,Returned,2,28,45,4.5,Good,Anomaly,Geocode Issue,Critical,Review and correct coordinates
ORD000627,DRV0214,2026-02-19,Chennai,673284,Delivered,2,75,90,4.3,Good,Normal,Geocode Issue,Critical,Review and correct coordinates
ORD000583,DRV0125,2026-06-16,Kolkata,799541,Delivered,1,75,120,2.7,Good,Normal,Geocode Issue,Critical,Review and correct coordinates
ORD000579,DRV0163,2026-01-14,Kolkata,659794,Failed,4,96,120,2.7,Good,Normal,Geocode Issue,Critical,Review and correct coordinates
ORD000573,DRV0153,2026-05-13,Hyderabad,570823,Delivered,1,28,45,1.9,Good,Normal,Geocode Issue,Critical,Review and correct coordinates
ORD008775,DRV0067,2026-04-12,Hyderabad,689912,Delivered,1,33,45,4.1,Good,Normal,Geocode Issue,Critical,Review and correct coordinates
ORD008718,DRV0198,2026-03-10,Bengaluru,517670,Delivered,1,25,30,4.6,Good,Normal,Geocode Issue,Critical,Review and correct coordinates
ORD008711,DRV0231,2026-05-08,Pune,546884,Returned,2,79,90,3.3,Good,Normal,Geocode Issue,Critical,Review and correct coordinates
ORD008299,DRV0108,2026-02-16,Mumbai,631388,Delivered,1,26,30,4.2,Good,Normal,Geocode Issue,Critical,Review and correct coordinates
ORD008406,DRV0124,2026-06-11,Pune,668773,Returned,1,30,45,3.1,Good,Normal,Geocode Issue,Critical,Review and correct coordinates
ORD008405,DRV0124,2026-02-04,Kolkata,524080,Returned,3,39,45,4.7,Good,Normal,Geocode Issue,Critical,Review and correct coordinates
ORD008399,DRV0205,2026-05-04,Kolkata,669404,Delivered,1,151,90,4.4,Missing,Normal,Geocode Issue,Critical,Review and correct coordinates
ORD008394,DRV0229,2026-02-19,Chennai,575988,Delivered,1,85,120,3.3,Poor,Normal,Geocode Issue,Critical,Review and correct coordinates
ORD008379,DRV0042,2026-03-03,Delhi,605975,Returned,2,23,30,4.5,Poor,Normal,Geocode Issue,Critical,Review and correct coordinates
ORD008365,DRV0148,2026-04-01,Kolkata,719148,Delivered,2,96,120,2.8,Good,Normal,Geocode Issue,Critical,Review and correct coordinates
ORD008486,DRV0036,2026-05-12,Bengaluru,780964,Delivered,2,21,30,2.6,Good,Normal,Geocode Issue,Critical,Review and correct coordinates
ORD008473,DRV0250,2026-02-24,Bengaluru,511651,Delivered,1,18,30,2.6,Good,Normal,Geocode Issue,Critical,Review and correct coordinates
ORD008462,DRV0011,2026-02-27,Ahmedabad,676258,Failed,1,119,45,4.6,Good,Normal,Geocode Issue,Critical,Review and correct coordinates
ORD008447,DRV0155,2026-02-03,Ahmedabad,500793,Delivered,1,58,90,4.1,Good,Normal,Geocode Issue,Critical,Review and correct coordinates
ORD008445,DRV0039,2026-04-15,Hyderabad,710465,Delivered,2,76,90,2.6,Good,Normal,Geocode Issue,Critical,Review and correct coordinates
ORD000699,DRV0107,2026-06-27,Ahmedabad,566528,Delivered,1,46,60,5.0,Good,Normal,Geocode Issue,Critical,Review and correct coordinates
ORD000697,DRV0179,2026-05-22,Delhi,586510,Delivered,1,62,120,4.0,Good,Normal,Geocode Issue,Critical,Review and correct coordinates
ORD000678,DRV0244,2026-01-31,Bengaluru,545291,Failed,1,111,120,4.0,Good,Normal,Geocode Issue,Critical,Review and correct coordinates
ORD000662,DRV0247,2026-02-06,Bengaluru,775989,Delivered,1,23,30,4.2,Poor,Normal,Geocode Issue,Critical,Review and correct coordinates
ORD008205,DRV0129,2026-02-14,Bengaluru,577657,Failed,2,15,30,3.2,Good,Normal,Geocode Issue,Critical,Review and correct coordinates
ORD008193,DRV0094,2026-03-24,Mumbai,669393,Returned,1,93,120,2.8,Good,Normal,Geocode Issue,Critical,Review and correct coordinates
ORD008173,DRV0053,2026-01-12,Bengaluru,730143,Returned,2,70,90,4.1,Good,Normal,Geocode Issue,Critical,Review and correct coordinates
ORD008169,DRV0030,2026-03-29,Delhi,778631,Returned,1,57,90,2.8,Poor,Normal,Geocode Issue,Critical,Review and correct coordinates
ORD008157,DRV0194,2026-03-31,Ahmedabad,773780,Delivered,1,37,60,2.8,Good,Normal,Geocode Issue,Critical,Review and correct coordinates
ORD008291,DRV0023,2026-03-18,Delhi,696938,Delivered,1,53,60,3.1,Poor,Normal,Geocode Issue,Critical,Review and correct coordinates
ORD008258,DRV0083,2026-04-10,Ahmedabad,780106,Delivered,1,24,30,3.7,Good,Normal,Geocode Issue,Critical,Review and correct coordinates
ORD008247,DRV0165,2026-03-15,Kolkata,517470,Delivered,1,39,60,3.7,Good,Normal,Geocode Issue,Critical,Review and correct coordinates
ORD008238,DRV0194,2026-01-19,Kolkata,700869,Delivered,1,25,45,4.9,Good,Normal,Geocode Issue,Critical,Review and correct coordinates
ORD008228,DRV0237,2026-03-09,Delhi,541053,Delivered,2,29,45,4.3,Poor,Normal,Geocode Issue,Critical,Review and correct coordinates
ORD000733,DRV0197,2026-04-28,Chennai,667886,Delivered,1,92,120,3.4,Good,Normal,Geocode Issue,Critical,Review and correct coordinates
ORD000701,DRV0090,2026-01-02,Kolkata,792400,Delivered,1,66,120,3.5,Poor,Normal,Geocode Issue,Critical,Review and correct coordinates
ORD008336,DRV0164,2026-03-30,Ahmedabad,606317,Failed,2,88,120,4.0,Poor,Normal,Geocode Issue,Critical,Review and correct coordinates
ORD008308,DRV0049,2026-06-10,Bengaluru,652516,Returned,2,138,90,2.7,Good,Normal,Geocode Issue,Critical,Review and correct coordinates
ORD008301,DRV0176,2026-01-25,Chennai,736055,Returned,1,87,120,4.2,Good,Normal,Geocode Issue,Critical,Review and correct coordinates
ORD008300,DRV0111,2026-04-13,Hyderabad,671547,Delivered,1,38,60,4.7,Good,Normal,Geocode Issue,Critical,Review and correct coordinates
ORD007932,DRV0205,2026-01-03,Chennai,719889,Failed,2,47,90,4.6,Good,Normal,Geocode Issue,Critical,Review and correct coordinates
ORD007918,DRV0109,2026-04-11,Delhi,716224,Delivered,2,165,120,4.3,Good,Normal,Geocode Issue,Critical,Review and correct coordinates
ORD007905,DRV0025,2026-05-23,Pune,562924,Failed,1,30,45,3.1,Good,Normal,Geocode Issue,Critical,Review and correct coordinates
ORD008061,DRV0033,2026-03-13,Pune,738157,Delivered,2,108,120,4.4,Good,Normal,Geocode Issue,Critical,Review and correct coordinates
ORD008058,DRV0106,2026-06-28,Ahmedabad,541488,Delivered,2,77,120,4.3,Good,Normal,Geocode Issue,Critical,Review and correct coordinates
ORD008041,DRV0112,2026-06-02,Mumbai,612794,Returned,2,75,120,4.1,Good,Normal,Geocode Issue,Critical,Review and correct coordinates
ORD008038,DRV0080,2026-01-27,Bengaluru,595081,Delivered,1,52,90,4.1,Good,Normal,Geocode Issue,Critical,Review and correct coordinates
ORD008015,DRV0190,2026-01-31,Pune,687574,Delivered,1,64,90,3.9,Good,Normal,Geocode Issue,Critical,Review and correct coordinates
ORD007973,DRV0229,2026-03-31,Delhi,783879,Failed,1,97,120,3.6,Good,Normal,Geocode Issue,Critical,Review and correct coordinates
ORD008149,DRV0150,2026-06-01,Hyderabad,605333,Delivered,1,109,120,4.0,Good,Normal,Geocode Issue,Critical,Review and correct coordinates
ORD008129,DRV0174,2026-06-22,Chennai,727450,Delivered,1,34,60,3.5,Good,Normal,Geocode Issue,Critical,Review and correct coordinates
ORD008086,DRV0043,2026-03-23,Chennai,692668,Delivered,1,24,30,3.7,Good,Anomaly,Geocode Issue,Critical,Review and correct coordinates
ORD008085,DRV0056,2026-01-06,Bengaluru,764331,Delivered,1,49,90,3.2,Good,Normal,Geocode Issue,Critical,Review and correct coordinates
ORD000831,DRV0115,2026-05-02,Kolkata,640760,Failed,1,82,30,4.3,Good,Normal,Geocode Issue,Critical,Review and correct coordinates
ORD000810,DRV0004,2026-04-27,Kolkata,759076,Delivered,1,28,45,2.6,Good,Normal,Geocode Issue,Critical,Review and correct coordinates
ORD000790,DRV0106,2026-01-17,Delhi,606723,Delivered,1,50,60,3.0,Good,Normal,Geocode Issue,Critical,Review and correct coordinates
ORD007797,DRV0046,2026-03-07,Kolkata,645417,Delivered,2,66,120,4.6,Good,Normal,Geocode Issue,Critical,Review and correct coordinates
ORD007794,DRV0163,2026-05-14,Hyderabad,520023,Delivered,6,35,45,4.1,Good,Normal,Geocode Issue,Critical,Review and correct coordinates
ORD007893,DRV0165,2026-04-09,Delhi,631564,Delivered,1,21,30,4.6,Good,Normal,Geocode Issue,Critical,Review and correct coordinates
ORD007884,DRV0195,2026-05-23,Ahmedabad,551431,Returned,1,49,60,2.5,Poor,Normal,Geocode Issue,Critical,Review and correct coordinates
ORD007873,DRV0165,2026-05-25,Ahmedabad,541718,Delivered,2,22,45,4.6,Good,Normal,Geocode Issue,Critical,Review and correct coordinates
ORD007865,DRV0071,2026-04-15,Delhi,652471,Delivered,3,18,30,4.0,Good,Normal,Geocode Issue,Critical,Review and correct coordinates
ORD007834,DRV0016,2026-03-01,Ahmedabad,732316,Failed,2,70,90,4.8,Good,Anomaly,Geocode Issue,Critical,Review and correct coordinates
ORD000866,DRV0194,2026-01-06,Chennai,514623,Failed,1,31,45,2.7,Missing,Normal,Geocode Issue,Critical,Review and correct coordinates
ORD000850,DRV0160,2026-03-14,Mumbai,545189,Returned,1,28,45,4.5,Good,Normal,Geocode Issue,Critical,Review and correct coordinates
ORD000845,DRV0010,2026-04-13,Ahmedabad,754856,Failed,1,103,120,3.9,Good,Normal,Geocode Issue,Critical,Review and correct coordinates
ORD000838,DRV0088,2026-02-24,Chennai,597039,Delivered,1,76,120,4.5,Good,Normal,Geocode Issue,Critical,Review and correct coordinates
ORD000835,DRV0235,2026-05-12,Hyderabad,556430,Failed,1,22,30,3.4,Poor,Normal,Geocode Issue,Critical,Review and correct coordinates
ORD000834,DRV0039,2026-06-25,Chennai,657500,Delivered,1,48,60,2.8,Good,Normal,Geocode Issue,Critical,Review and correct coordinates
ORD000833,DRV0239,2026-05-15,Ahmedabad,775082,Delivered,1,50,90,3.2,Good,Normal,Geocode Issue,Critical,Review and correct coordinates
ORD007965,DRV0189,2026-05-19,Kolkata,735436,Delivered,1,24,45,4.2,Good,Normal,Geocode Issue,Critical,Review and correct coordinates
ORD007947,DRV0207,2026-02-05,Delhi,686679,Delivered,1,25,30,3.0,Good,Normal,Geocode Issue,Critical,Review and correct coordinates
ORD007419,DRV0226,2026-03-13,Chennai,502863,Failed,1,24,30,3.6,Good,Normal,Geocode Issue,Critical,Review and correct coordinates
ORD007525,DRV0169,2026-05-15,Kolkata,792710,Returned,1,24,45,4.7,Good,Normal,Geocode Issue,Critical,Review and correct coordinates
ORD007513,DRV0218,2026-02-09,Kolkata,592906,Delivered,1,56,90,4.5,Good,Normal,Geocode Issue,Critical,Review and correct coordinates
ORD007589,DRV0128,2026-04-25,Pune,775236,Failed,2,69,120,2.8,Good,Normal,Geocode Issue,Critical,Review and correct coordinates
ORD007562,DRV0100,2026-06-21,Ahmedabad,677748,Delivered,1,38,45,2.7,Good,Normal,Geocode Issue,Critical,Review and correct coordinates
ORD007545,DRV0084,2026-04-16,Kolkata,601724,Delivered,1,30,45,4.4,Good,Normal,Geocode Issue,Critical,Review and correct coordinates
ORD007623,DRV0109,2026-04-17,Mumbai,778509,Delivered,1,20,30,4.4,Missing,Normal,Geocode Issue,Critical,Review and correct coordinates
ORD007702,DRV0223,2026-03-01,Hyderabad,641351,Delivered,1,21,30,2.6,Good,Normal,Geocode Issue,Critical,Review and correct coordinates
ORD007699,DRV0164,2026-04-11,Ahmedabad,752641,Delivered,1,96,120,4.8,Poor,Normal,Geocode Issue,Critical,Review and correct coordinates
ORD007689,DRV0208,2026-06-14,Bengaluru,540240,Delivered,2,28,30,3.5,Good,Normal,Geocode Issue,Critical,Review and correct coordinates
ORD007772,DRV0238,2026-06-22,Chennai,773801,Delivered,1,30,45,2.7,Good,Normal,Geocode Issue,Critical,Review and correct coordinates
ORD007771,DRV0172,2026-01-11,Chennai,525070,Delivered,1,77,90,3.7,Good,Normal,Geocode Issue,Critical,Review and correct coordinates
ORD007729,DRV0043,2026-03-28,Delhi,508972,Delivered,1,79,120,5.0,Good,Normal,Geocode Issue,Critical,Review and correct coordinates
ORD000938,DRV0068,2026-04-02,Bengaluru,543211,Delivered,2,94,120,2.5,Good,Normal,Geocode Issue,Critical,Review and correct coordinates
ORD007820,DRV0147,2026-03-09,Bengaluru,776561,Delivered,1,35,60,4.3,Good,Normal,Geocode Issue,Critical,Review and correct coordinates
ORD007798,DRV0150,2026-04-17,Pune,550297,Delivered,2,86,120,4.2,Poor,Normal,Geocode Issue,Critical,Review and correct coordinates
ORD007268,DRV0244,2026-06-09,Bengaluru,638041,Delivered,2,34,45,3.5,Good,Normal,Geocode Issue,Critical,Review and correct coordinates
ORD007255,DRV0177,2026-03-05,Kolkata,607089,Failed,1,39,60,3.3,Good,Normal,Geocode Issue,Critical,Review and correct coordinates
ORD007245,DRV0237,2026-02-15,Kolkata,541035,Delivered,1,57,60,4.1,Good,Normal,Geocode Issue,Critical,Review and correct coordinates
ORD007212,DRV0197,2026-04-28,Pune,572093,Delivered,1,23,30,2.9,Poor,Normal,Geocode Issue,Critical,Review and correct coordinates
ORD007324,DRV0052,2026-04-29,Chennai,718203,Returned,2,103,120,3.0,Poor,Normal,Geocode Issue,Critical,Review and correct coordinates
ORD007312,DRV0210,2026-06-07,Pune,614119,Delivered,1,79,120,4.8,Good,Normal,Geocode Issue,Critical,Review and correct coordinates
ORD007299,DRV0049,2026-01-20,Bengaluru,727336,Returned,1,20,30,3.4,Good,Normal,Geocode Issue,Critical,Review and correct coordinates
ORD007414,DRV0010,2026-03-14,Hyderabad,578616,Delivered,2,96,120,4.6,Good,Normal,Geocode Issue,Critical,Review and correct coordinates
ORD007410,DRV0176,2026-01-28,Chennai,673829,Delivered,1,29,45,2.9,Good,Normal,Geocode Issue,Critical,Review and correct coordinates
ORD007382,DRV0024,2026-04-29,Pune,702829,Failed,1,34,45,3.1,Good,Normal,Geocode Issue,Critical,Review and correct coordinates
ORD007366,DRV0033,2026-06-05,Delhi,642859,Returned,1,69,90,4.0,Good,Normal,Geocode Issue,Critical,Review and correct coordinates
ORD007360,DRV0246,2026-04-29,Mumbai,657712,Returned,1,17,30,4.4,Good,Normal,Geocode Issue,Critical,Review and correct coordinates
ORD007350,DRV0037,2026-01-24,Kolkata,753293,Delivered,1,48,90,2.8,Poor,Normal,Geocode Issue,Critical,Review and correct coordinates
ORD001000,DRV0239,2026-05-02,Ahmedabad,676700,Failed,1,51,60,3.4,Good,Normal,Geocode Issue,Critical,Review and correct coordinates
ORD007437,DRV0073,2026-05-07,Chennai,622397,Delivered,1,25,45,4.8,Good,Normal,Geocode Issue,Critical,Review and correct coordinates
ORD007425,DRV0138,2026-01-09,Pune,799767,Delivered,1,65,90,4.0,Good,Normal,Geocode Issue,Critical,Review and correct coordinates
ORD007118,DRV0089,2026-05-04,Mumbai,524072,Delivered,1,63,120,3.7,Poor,Normal,Geocode Issue,Critical,Review and correct coordinates
ORD007100,DRV0077,2026-05-20,Bengaluru,694424,Failed,2,31,60,2.9,Good,Normal,Geocode Issue,Critical,Review and correct coordinates
ORD007096,DRV0021,2026-03-02,Pune,695946,Delivered,2,53,60,4.2,Good,Normal,Geocode Issue,Critical,Review and correct coordinates
ORD007080,DRV0201,2026-01-20,Delhi,768469,Delivered,1,76,90,3.0,Good,Normal,Geocode Issue,Critical,Review and correct coordinates
ORD007075,DRV0002,2026-01-19,Hyderabad,551402,Returned,1,91,120,4.2,Good,Normal,Geocode Issue,Critical,Review and correct coordinates
ORD007193,DRV0110,2026-04-26,Mumbai,774217,Delivered,1,54,90,4.3,Good,Normal,Geocode Issue,Critical,Review and correct coordinates
ORD007179,DRV0021,2026-06-23,Kolkata,756992,Failed,1,46,60,4.1,Good,Normal,Geocode Issue,Critical,Review and correct coordinates
ORD007174,DRV0086,2026-03-08,Ahmedabad,563117,Delivered,2,21,30,2.7,Missing,Normal,Geocode Issue,Critical,Review and correct coordinates
ORD007160,DRV0116,2026-02-23,Hyderabad,541926,Delivered,1,15,30,4.5,Good,Normal,Geocode Issue,Critical,Review and correct coordinates
ORD007157,DRV0222,2026-03-31,Bengaluru,686332,Failed,1,28,45,2.7,Missing,Normal,Geocode Issue,Critical,Review and correct coordinates
ORD007153,DRV0155,2026-01-12,Ahmedabad,616283,Failed,1,56,60,2.5,Good,Normal,Geocode Issue,Critical,Review and correct coordinates
ORD001061,DRV0040,2026-05-09,Delhi,507155,Returned,1,43,60,3.5,Poor,Normal,Geocode Issue,Critical,Review and correct coordinates
ORD001043,DRV0123,2026-03-08,Chennai,504979,Returned,1,26,45,4.4,Good,Normal,Geocode Issue,Critical,Review and correct coordinates
ORD001036,DRV0117,2026-03-07,Bengaluru,723002,Returned,1,24,45,3.8,Good,Normal,Geocode Issue,Critical,Review and correct coordinates
ORD007280,DRV0045,2026-04-03,Mumbai,533238,Failed,3,92,120,3.4,Poor,Normal,Geocode Issue,Critical,Review and correct coordinates
ORD007278,DRV0132,2026-03-03,Bengaluru,733058,Failed,1,24,30,4.4,Good,Normal,Geocode Issue,Critical,Review and correct coordinates
ORD006838,DRV0061,2026-01-31,Mumbai,515272,Failed,1,50,60,2.6,Good,Normal,Geocode Issue,Critical,Review and correct coordinates
ORD006785,DRV0096,2026-01-18,Ahmedabad,549135,Delivered,1,40,45,2.9,Good,Normal,Geocode Issue,Critical,Review and correct coordinates
ORD006771,DRV0114,2026-03-15,Hyderabad,668348,Delivered,2,25,30,3.4,Poor,Normal,Geocode Issue,Critical,Review and correct coordinates
ORD006760,DRV0205,2026-06-06,Mumbai,609688,Delivered,1,49,90,4.3,Poor,Normal,Geocode Issue,Critical,Review and correct coordinates
ORD007006,DRV0111,2026-03-30,Kolkata,586956,Failed,1,23,45,3.1,Good,Normal,Geocode Issue,Critical,Review and correct coordinates
ORD006967,DRV0242,2026-03-30,Kolkata,705329,Failed,1,107,120,4.1,Good,Anomaly,Geocode Issue,Critical,Review and correct coordinates
ORD006931,DRV0089,2026-05-25,Chennai,758570,Failed,1,39,45,3.6,Good,Normal,Geocode Issue,Critical,Review and correct coordinates
ORD006922,DRV0184,2026-06-07,Delhi,732591,Delivered,1,16,30,3.7,Good,Normal,Geocode Issue,Critical,Review and correct coordinates
ORD007054,DRV0003,2026-06-12,Chennai,554226,Delivered,1,23,30,2.5,Good,Normal,Geocode Issue,Critical,Review and correct coordinates
ORD007033,DRV0090,2026-06-26,Delhi,562297,Delivered,1,27,30,4.5,Good,Normal,Geocode Issue,Critical,Review and correct coordinates
ORD007023,DRV0218,2026-05-23,Hyderabad,740931,Delivered,1,47,90,2.7,Good,Normal,Geocode Issue,Critical,Review and correct coordinates
ORD007021,DRV0048,2026-02-26,Bengaluru,589258,Delivered,1,41,45,4.8,Good,Normal,Geocode Issue,Critical,Review and correct coordinates
ORD007012,DRV0205,2026-06-06,Ahmedabad,703314,Delivered,1,114,90,3.5,Good,Normal,Geocode Issue,Critical,Review and correct coordinates
ORD001130,DRV0100,2026-06-21,Ahmedabad,549022,Delivered,1,112,120,3.6,Good,Normal,Geocode Issue,Critical,Review and correct coordinates
ORD001105,DRV0212,2026-01-15,Mumbai,572247,Delivered,3,34,45,4.3,Good,Normal,Geocode Issue,Critical,Review and correct coordinates
ORD001083,DRV0188,2026-02-15,Pune,634211,Delivered,1,66,120,4.6,Good,Normal,Geocode Issue,Critical,Review and correct coordinates
ORD006499,DRV0223,2026-06-28,Mumbai,787040,Delivered,1,71,90,4.5,Good,Normal,Geocode Issue,Critical,Review and correct coordinates
ORD006601,DRV0222,2026-04-01,Chennai,569544,Delivered,1,27,45,3.7,Good,Normal,Geocode Issue,Critical,Review and correct coordinates
ORD006588,DRV0235,2026-01-22,Bengaluru,506736,Delivered,1,79,90,4.1,Good,Normal,Geocode Issue,Critical,Review and correct coordinates
ORD006570,DRV0193,2026-03-10,Delhi,607896,Delivered,2,36,45,3.1,Good,Normal,Geocode Issue,Critical,Review and correct coordinates
ORD006672,DRV0139,2026-06-27,Delhi,586743,Delivered,1,51,90,4.2,Good,Normal,Geocode Issue,Critical,Review and correct coordinates
ORD006668,DRV0225,2026-04-03,Chennai,679757,Delivered,1,146,90,3.0,Good,Normal,Geocode Issue,Critical,Review and correct coordinates
ORD006665,DRV0174,2026-02-06,Ahmedabad,626006,Delivered,2,39,45,4.9,Poor,Normal,Geocode Issue,Critical,Review and correct coordinates
ORD006623,DRV0125,2026-06-05,Delhi,600380,Delivered,1,49,90,3.8,Good,Normal,Geocode Issue,Critical,Review and correct coordinates
ORD006611,DRV0229,2026-06-19,Bengaluru,582054,Delivered,3,33,45,4.6,Good,Normal,Geocode Issue,Critical,Review and correct coordinates
ORD006752,DRV0138,2026-03-14,Kolkata,771787,Returned,2,17,30,2.6,Good,Normal,Geocode Issue,Critical,Review and correct coordinates
ORD006742,DRV0059,2026-03-10,Ahmedabad,510986,Delivered,2,24,30,3.7,Good,Normal,Geocode Issue,Critical,Review and correct coordinates
ORD006734,DRV0105,2026-06-21,Delhi,726883,Delivered,1,95,120,4.1,Good,Normal,Geocode Issue,Critical,Review and correct coordinates
ORD006718,DRV0047,2026-06-24,Bengaluru,583968,Returned,2,26,30,2.9,Good,Normal,Geocode Issue,Critical,Review and correct coordinates
ORD006703,DRV0050,2026-01-27,Pune,623712,Delivered,1,20,30,2.8,Good,Normal,Geocode Issue,Critical,Review and correct coordinates
ORD001137,DRV0051,2026-04-18,Delhi,752510,Delivered,1,35,45,4.4,Good,Normal,Geocode Issue,Critical,Review and correct coordinates
ORD006844,DRV0231,2026-01-30,Pune,685335,Delivered,3,23,30,3.6,Good,Normal,Geocode Issue,Critical,Review and correct coordinates
ORD006385,DRV0034,2026-01-02,Ahmedabad,611114,Failed,1,50,60,3.6,Good,Normal,Geocode Issue,Critical,Review and correct coordinates
ORD006375,DRV0062,2026-06-18,Chennai,627860,Delivered,1,74,120,3.7,Good,Normal,Geocode Issue,Critical,Review and correct coordinates
ORD006467,DRV0170,2026-06-27,Mumbai,686433,Delivered,2,99,120,3.0,Good,Normal,Geocode Issue,Critical,Review and correct coordinates
ORD006452,DRV0055,2026-06-15,Mumbai,569529,Returned,1,15,30,1.6,Good,Normal,Geocode Issue,Critical,Review and correct coordinates
ORD001284,DRV0237,2026-04-15,Mumbai,572425,Failed,1,40,60,4.0,Good,Normal,Geocode Issue,Critical,Review and correct coordinates
ORD001266,DRV0109,2026-02-11,Pune,699906,Delivered,1,26,45,2.8,Good,Normal,Geocode Issue,Critical,Review and correct coordinates
ORD001252,DRV0014,2026-04-07,Kolkata,565660,Delivered,1,68,120,3.4,Good,Normal,Geocode Issue,Critical,Review and correct coordinates
ORD001247,DRV0087,2026-03-08,Kolkata,605125,Delivered,2,17,30,2.7,Good,Anomaly,Geocode Issue,Critical,Review and correct coordinates
ORD001245,DRV0100,2026-01-18,Delhi,582765,Delivered,1,75,120,3.8,Poor,Normal,Geocode Issue,Critical,Review and correct coordinates
ORD001234,DRV0148,2026-02-03,Pune,669909,Failed,3,110,60,2.6,Poor,Normal,Geocode Issue,Critical,Review and correct coordinates
ORD001218,DRV0178,2026-05-09,Delhi,687463,Delivered,1,71,90,2.6,Good,Normal,Geocode Issue,Critical,Review and correct coordinates
ORD001215,DRV0103,2026-03-08,Bengaluru,658346,Failed,1,87,120,4.0,Good,Normal,Geocode Issue,Critical,Review and correct coordinates
ORD006539,DRV0100,2026-02-05,Hyderabad,792093,Delivered,1,36,45,3.9,Poor,Normal,Geocode Issue,Critical,Review and correct coordinates
ORD006536,DRV0034,2026-06-29,Mumbai,560888,Returned,2,46,90,3.3,Poor,Normal,Geocode Issue,Critical,Review and correct coordinates
ORD006531,DRV0048,2026-02-14,Bengaluru,635031,Delivered,2,69,120,3.1,Missing,Normal,Geocode Issue,Critical,Review and correct coordinates
ORD006501,DRV0177,2026-05-29,Pune,714699,Delivered,1,82,120,2.9,Poor,Normal,Geocode Issue,Critical,Review and correct coordinates
ORD006225,DRV0100,2026-03-21,Chennai,748908,Failed,1,33,45,3.5,Good,Normal,Geocode Issue,Critical,Review and correct coordinates
ORD006310,DRV0023,2026-06-29,Delhi,682264,Returned,1,63,120,4.7,Good,Normal,Geocode Issue,Critical,Review and correct coordinates
ORD006309,DRV0246,2026-05-11,Pune,544691,Delivered,1,82,90,3.6,Good,Normal,Geocode Issue,Critical,Review and correct coordinates
ORD006301,DRV0138,2026-04-07,Kolkata,744742,Delivered,2,43,60,3.1,Poor,Normal,Geocode Issue,Critical,Review and correct coordinates
ORD006295,DRV0030,2026-01-24,Hyderabad,649950,Delivered,2,30,45,1.5,Good,Normal,Geocode Issue,Critical,Review and correct coordinates
ORD006278,DRV0140,2026-02-05,Chennai,642310,Delivered,1,24,45,1.8,Good,Normal,Geocode Issue,Critical,Review and correct coordinates
ORD006365,DRV0184,2026-05-11,Pune,709514,Delivered,1,63,90,4.4,Good,Normal,Geocode Issue,Critical,Review and correct coordinates
ORD006343,DRV0091,2026-03-17,Ahmedabad,782605,Returned,1,88,120,4.7,Good,Normal,Geocode Issue,Critical,Review and correct coordinates
ORD006340,DRV0058,2026-04-07,Chennai,682212,Delivered,1,79,90,4.0,Poor,Normal,Geocode Issue,Critical,Review and correct coordinates
ORD006330,DRV0036,2026-05-23,Bengaluru,546627,Delivered,1,22,30,4.4,Good,Normal,Geocode Issue,Critical,Review and correct coordinates
ORD006319,DRV0112,2026-03-18,Hyderabad,560727,Failed,1,45,90,2.9,Poor,Normal,Geocode Issue,Critical,Review and correct coordinates
ORD001327,DRV0083,2026-05-04,Ahmedabad,769710,Failed,2,16,30,4.6,Good,Normal,Geocode Issue,Critical,Review and correct coordinates
ORD001309,DRV0154,2026-06-25,Kolkata,623134,Delivered,1,73,120,4.9,Good,Normal,Geocode Issue,Critical,Review and correct coordinates
ORD001286,DRV0043,2026-04-18,Bengaluru,638084,Failed,5,51,90,3.0,Good,Normal,Geocode Issue,Critical,Review and correct coordinates
ORD006412,DRV0145,2026-05-19,Ahmedabad,723550,Returned,1,39,60,3.9,Good,Normal,Geocode Issue,Critical,Review and correct coordinates
ORD006397,DRV0045,2026-01-02,Mumbai,669199,Delivered,1,28,30,2.7,Poor,Normal,Geocode Issue,Critical,Review and correct coordinates
ORD006089,DRV0227,2026-05-24,Mumbai,566686,Delivered,1,36,60,3.2,Good,Normal,Geocode Issue,Critical,Review and correct coordinates
ORD006064,DRV0026,2026-05-30,Pune,688293,Delivered,1,39,45,2.6,Good,Normal,Geocode Issue,Critical,Review and correct coordinates
ORD006048,DRV0022,2026-01-20,Mumbai,603271,Delivered,1,22,30,2.6,Good,Normal,Geocode Issue,Critical,Review and correct coordinates
ORD006178,DRV0176,2026-01-26,Hyderabad,530852,Delivered,2,20,30,3.2,Poor,Normal,Geocode Issue,Critical,Review and correct coordinates
ORD006177,DRV0183,2026-04-16,Kolkata,762370,Delivered,2,28,30,4.5,Good,Normal,Geocode Issue,Critical,Review and correct coordinates
ORD006161,DRV0057,2026-05-28,Mumbai,783609,Failed,1,16,30,3.1,Good,Normal,Geocode Issue,Critical,Review and correct coordinates
ORD006150,DRV0208,2026-04-26,Bengaluru,500611,Delivered,1,75,90,3.6,Good,Normal,Geocode Issue,Critical,Review and correct coordinates
ORD006148,DRV0123,2026-04-10,Pune,751313,Returned,2,34,45,3.1,Poor,Normal,Geocode Issue,Critical,Review and correct coordinates
ORD006145,DRV0065,2026-01-05,Bengaluru,681535,Delivered,1,100,120,4.7,Good,Normal,Geocode Issue,Critical,Review and correct coordinates
ORD006136,DRV0053,2026-06-27,Pune,798000,Delivered,1,56,60,5.0,Good,Normal,Geocode Issue,Critical,Review and correct coordinates
ORD001408,DRV0186,2026-02-14,Mumbai,747552,Returned,2,34,60,2.6,Good,Normal,Geocode Issue,Critical,Review and correct coordinates
ORD001391,DRV0178,2026-04-06,Hyderabad,747945,Delivered,2,62,90,4.0,Good,Normal,Geocode Issue,Critical,Review and correct coordinates
ORD001386,DRV0064,2026-01-22,Chennai,780486,Delivered,1,42,45,3.1,Good,Normal,Geocode Issue,Critical,Review and correct coordinates
ORD006262,DRV0100,2026-02-22,Ahmedabad,572461,Failed,3,65,90,5.0,Poor,Normal,Geocode Issue,Critical,Review and correct coordinates
ORD006256,DRV0086,2026-06-26,Chennai,689422,Returned,1,57,90,4.5,Good,Anomaly,Geocode Issue,Critical,Review and correct coordinates
ORD006233,DRV0089,2026-06-01,Ahmedabad,680056,Delivered,1,27,30,2.8,Good,Normal,Geocode Issue,Critical,Review and correct coordinates
ORD005739,DRV0228,2026-05-11,Pune,743288,Delivered,1,85,90,3.2,Good,Normal,Geocode Issue,Critical,Review and correct coordinates
ORD005718,DRV0153,2026-01-02,Chennai,734138,Delivered,1,27,30,5.0,Poor,Normal,Geocode Issue,Critical,Review and correct coordinates
ORD005707,DRV0198,2026-06-21,Chennai,686582,Delivered,1,37,60,3.1,Good,Normal,Geocode Issue,Critical,Review and correct coordinates
ORD005697,DRV0089,2026-06-29,Ahmedabad,653594,Delivered,1,78,120,1.2,Good,Normal,Geocode Issue,Critical,Review and correct coordinates
ORD005787,DRV0219,2026-03-12,Mumbai,551349,Delivered,1,27,45,2.5,Good,Normal,Geocode Issue,Critical,Review and correct coordinates
ORD005774,DRV0242,2026-02-03,Bengaluru,640419,Delivered,1,72,90,4.5,Good,Normal,Geocode Issue,Critical,Review and correct coordinates
ORD005764,DRV0191,2026-06-07,Ahmedabad,521461,Failed,1,27,45,4.4,Good,Normal,Geocode Issue,Critical,Review and correct coordinates
ORD005757,DRV0109,2026-01-05,Bengaluru,505646,Delivered,1,56,60,4.0,Good,Normal,Geocode Issue,Critical,Review and correct coordinates
ORD006016,DRV0117,2026-01-07,Mumbai,697004,Failed,2,38,45,3.3,Good,Normal,Geocode Issue,Critical,Review and correct coordinates
ORD006001,DRV0017,2026-06-07,Pune,515048,Delivered,1,59,90,4.3,Good,Normal,Geocode Issue,Critical,Review and correct coordinates
ORD005997,DRV0249,2026-02-16,Ahmedabad,638626,Delivered,1,41,45,3.3,Poor,Normal,Geocode Issue,Critical,Review and correct coordinates
ORD005995,DRV0049,2026-03-31,Kolkata,556977,Failed,1,67,120,4.2,Missing,Normal,Geocode Issue,Critical,Review and correct coordinates
ORD005992,DRV0167,2026-03-09,Ahmedabad,725550,Failed,2,96,120,4.8,Good,Normal,Geocode Issue,Critical,Review and correct coordinates
ORD001459,DRV0245,2026-03-25,Bengaluru,665327,Delivered,1,31,45,4.0,Good,Normal,Geocode Issue,Critical,Review and correct coordinates
ORD006129,DRV0167,2026-03-02,Mumbai,561498,Delivered,1,74,60,4.4,Good,Anomaly,Geocode Issue,Critical,Review and correct coordinates
ORD006102,DRV0052,2026-04-01,Bengaluru,653764,Delivered,1,80,90,2.8,Good,Normal,Geocode Issue,Critical,Review and correct coordinates
ORD005519,DRV0111,2026-05-19,Ahmedabad,588858,Delivered,1,38,45,4.2,Good,Normal,Geocode Issue,Critical,Review and correct coordinates
ORD005490,DRV0242,2026-04-09,Ahmedabad,586181,Delivered,1,38,45,3.7,Poor,Normal,Geocode Issue,Critical,Review and correct coordinates
ORD005475,DRV0204,2026-01-16,Kolkata,615315,Delivered,2,28,45,2.9,Good,Normal,Geocode Issue,Critical,Review and correct coordinates
ORD005473,DRV0012,2026-06-02,Mumbai,686408,Returned,1,22,30,3.5,Poor,Normal,Geocode Issue,Critical,Review and correct coordinates
ORD005467,DRV0012,2026-06-04,Chennai,712036,Delivered,3,39,45,4.7,Good,Normal,Geocode Issue,Critical,Review and correct coordinates
ORD005459,DRV0114,2026-02-25,Kolkata,554886,Failed,1,35,60,3.8,Poor,Normal,Geocode Issue,Critical,Review and correct coordinates
ORD005450,DRV0126,2026-01-30,Delhi,710003,Delivered,1,22,30,3.4,Good,Normal,Geocode Issue,Critical,Review and correct coordinates
ORD005446,DRV0067,2026-03-14,Ahmedabad,605874,Failed,2,45,90,4.4,Poor,Normal,Geocode Issue,Critical,Review and correct coordinates
ORD005555,DRV0057,2026-04-10,Mumbai,764734,Delivered,4,31,45,3.5,Good,Normal,Geocode Issue,Critical,Review and correct coordinates
ORD005524,DRV0223,2026-05-14,Kolkata,508884,Delivered,2,25,45,4.6,Good,Normal,Geocode Issue,Critical,Review and correct coordinates
ORD005523,DRV0244,2026-01-10,Mumbai,662717,Returned,3,15,30,3.7,Good,Normal,Geocode Issue,Critical,Review and correct coordinates
ORD005646,DRV0233,2026-01-17,Ahmedabad,549021,Failed,1,22,45,3.0,Good,Normal,Geocode Issue,Critical,Review and correct coordinates
ORD005621,DRV0003,2026-03-24,Mumbai,716821,Delivered,1,56,90,3.5,Missing,Normal,Geocode Issue,Critical,Review and correct coordinates
ORD005594,DRV0045,2026-05-31,Delhi,591965,Delivered,1,100,120,3.4,Poor,Normal,Geocode Issue,Critical,Review and correct coordinates
ORD001520,DRV0214,2026-01-08,Chennai,759509,Returned,1,16,30,4.2,Missing,Normal,Geocode Issue,Critical,Review and correct coordinates
ORD005742,DRV0111,2026-02-27,Delhi,682545,Returned,1,34,60,4.2,Good,Normal,Geocode Issue,Critical,Review and correct coordinates
ORD005219,DRV0181,2026-04-08,Delhi,577420,Failed,1,68,90,3.4,Good,Normal,Geocode Issue,Critical,Review and correct coordinates
ORD005215,DRV0229,2026-05-21,Chennai,508610,Returned,1,15,30,4.4,Poor,Normal,Geocode Issue,Critical,Review and correct coordinates
ORD005211,DRV0096,2026-06-21,Chennai,636543,Delivered,2,54,60,3.8,Good,Normal,Geocode Issue,Critical,Review and correct coordinates
ORD005196,DRV0235,2026-06-22,Hyderabad,585406,Delivered,1,65,90,5.0,Good,Normal,Geocode Issue,Critical,Review and correct coordinates
ORD005318,DRV0137,2026-05-05,Ahmedabad,651438,Delivered,1,25,30,3.7,Missing,Normal,Geocode Issue,Critical,Review and correct coordinates
ORD005302,DRV0150,2026-06-30,Chennai,704704,Delivered,1,91,120,4.9,Good,Normal,Geocode Issue,Critical,Review and correct coordinates
ORD005296,DRV0238,2026-04-27,Mumbai,782108,Delivered,1,78,90,3.8,Good,Normal,Geocode Issue,Critical,Review and correct coordinates
ORD005280,DRV0183,2026-01-02,Delhi,512063,Delivered,2,61,90,3.9,Good,Normal,Geocode Issue,Critical,Review and correct coordinates
ORD005389,DRV0131,2026-03-30,Chennai,750085,Delivered,1,22,45,4.3,Good,Normal,Geocode Issue,Critical,Review and correct coordinates
ORD005378,DRV0191,2026-04-20,Mumbai,598051,Failed,1,55,60,4.0,Missing,Normal,Geocode Issue,Critical,Review and correct coordinates
ORD005350,DRV0072,2026-01-01,Kolkata,595136,Returned,3,58,90,4.0,Good,Normal,Geocode Issue,Critical,Review and correct coordinates
ORD005443,DRV0166,2026-02-15,Chennai,668947,Delivered,1,39,45,3.5,Good,Normal,Geocode Issue,Critical,Review and correct coordinates
ORD005423,DRV0068,2026-03-18,Mumbai,673422,Delivered,1,61,90,3.5,Good,Normal,Geocode Issue,Critical,Review and correct coordinates
ORD005416,DRV0003,2026-06-28,Pune,761571,Delivered,2,85,60,3.1,Good,Normal,Geocode Issue,Critical,Review and correct coordinates
ORD005398,DRV0070,2026-02-05,Mumbai,713896,Returned,1,31,45,2.9,Good,Normal,Geocode Issue,Critical,Review and correct coordinates
ORD001605,DRV0182,2026-03-05,Mumbai,756160,Failed,1,20,30,4.0,Poor,Normal,Geocode Issue,Critical,Review and correct coordinates
ORD004973,DRV0037,2026-01-06,Bengaluru,510695,Delivered,1,87,120,2.9,Good,Normal,Geocode Issue,Critical,Review and correct coordinates
ORD004963,DRV0239,2026-04-09,Chennai,613934,Delivered,1,30,45,3.4,Good,Normal,Geocode Issue,Critical,Review and correct coordinates
ORD004955,DRV0133,2026-01-01,Bengaluru,679509,Returned,1,96,120,4.9,Missing,Normal,Geocode Issue,Critical,Review and correct coordinates
ORD004943,DRV0196,2026-03-28,Kolkata,573478,Delivered,1,31,60,3.3,Good,Normal,Geocode Issue,Critical,Review and correct coordinates
ORD005092,DRV0025,2026-03-05,Kolkata,735474,Failed,1,77,120,2.9,Poor,Normal,Geocode Issue,Critical,Review and correct coordinates
ORD005089,DRV0076,2026-05-06,Bengaluru,531063,Delivered,1,33,45,2.6,Good,Normal,Geocode Issue,Critical,Review and correct coordinates
ORD005076,DRV0036,2026-02-13,Mumbai,501148,Delivered,1,33,60,2.8,Poor,Normal,Geocode Issue,Critical,Review and correct coordinates
ORD005020,DRV0148,2026-06-23,Pune,586730,Delivered,1,41,45,5.0,Good,Normal,Geocode Issue,Critical,Review and correct coordinates
ORD005004,DRV0079,2026-06-14,Bengaluru,625816,Delivered,1,31,60,2.6,Poor,Normal,Geocode Issue,Critical,Review and correct coordinates
ORD005181,DRV0083,2026-06-09,Hyderabad,649580,Failed,1,55,60,3.4,Good,Normal,Geocode Issue,Critical,Review and correct coordinates
ORD005175,DRV0191,2026-02-03,Chennai,642244,Failed,1,36,45,4.6,Good,Normal,Geocode Issue,Critical,Review and correct coordinates
ORD005149,DRV0019,2026-04-23,Mumbai,652901,Delivered,1,70,120,2.6,Good,Normal,Geocode Issue,Critical,Review and correct coordinates
ORD005147,DRV0200,2026-05-10,Bengaluru,642794,Delivered,1,73,90,4.8,Good,Normal,Geocode Issue,Critical,Review and correct coordinates
ORD001692,DRV0208,2026-02-01,Ahmedabad,550165,Delivered,2,29,45,4.0,Good,Normal,Geocode Issue,Critical,Review and correct coordinates
ORD001676,DRV0095,2026-04-11,Pune,647237,Delivered,1,39,60,3.3,Poor,Normal,Geocode Issue,Critical,Review and correct coordinates
ORD005242,DRV0121,2026-01-27,Hyderabad,549823,Delivered,1,54,60,3.3,Missing,Normal,Geocode Issue,Critical,Review and correct coordinates
ORD004728,DRV0195,2026-01-09,Ahmedabad,549167,Returned,1,34,60,2.6,Good,Normal,Geocode Issue,Critical,Review and correct coordinates
ORD004721,DRV0017,2026-03-15,Ahmedabad,722658,Delivered,1,25,45,4.2,Good,Normal,Geocode Issue,Critical,Review and correct coordinates
ORD004699,DRV0154,2026-01-02,Hyderabad,674438,Delivered,2,42,45,3.8,Good,Normal,Geocode Issue,Critical,Review and correct coordinates
ORD004692,DRV0151,2026-03-14,Hyderabad,601159,Delivered,1,51,60,4.8,Good,Normal,Geocode Issue,Critical,Review and correct coordinates
ORD004808,DRV0244,2026-01-03,Mumbai,735571,Delivered,1,53,90,4.6,Poor,Normal,Geocode Issue,Critical,Review and correct coordinates
ORD004751,DRV0135,2026-05-24,Delhi,730480,Failed,1,70,120,4.7,Good,Normal,Geocode Issue,Critical,Review and correct coordinates
ORD004845,DRV0202,2026-03-19,Hyderabad,677713,Delivered,1,53,60,4.4,Good,Normal,Geocode Issue,Critical,Review and correct coordinates
ORD004827,DRV0209,2026-04-13,Bengaluru,583038,Delivered,1,41,60,3.6,Good,Normal,Geocode Issue,Critical,Review and correct coordinates
ORD004895,DRV0157,2026-06-07,Pune,545376,Delivered,1,112,120,4.8,Good,Normal,Geocode Issue,Critical,Review and correct coordinates
ORD004888,DRV0173,2026-01-04,Delhi,689500,Delivered,1,107,120,5.0,Good,Normal,Geocode Issue,Critical,Review and correct coordinates
ORD001771,DRV0010,2026-01-15,Bengaluru,657393,Returned,3,30,45,4.1,Good,Normal,Geocode Issue,Critical,Review and correct coordinates
ORD001767,DRV0143,2026-04-10,Ahmedabad,668932,Returned,1,15,30,2.8,Good,Normal,Geocode Issue,Critical,Review and correct coordinates
ORD001742,DRV0171,2026-02-23,Delhi,626186,Delivered,1,23,45,4.8,Good,Normal,Geocode Issue,Critical,Review and correct coordinates
ORD001733,DRV0079,2026-05-05,Mumbai,757876,Delivered,1,72,90,3.4,Good,Normal,Geocode Issue,Critical,Review and correct coordinates
ORD001720,DRV0007,2026-04-14,Ahmedabad,675133,Failed,1,80,120,3.7,Good,Normal,Geocode Issue,Critical,Review and correct coordinates
ORD004974,DRV0228,2026-01-15,Ahmedabad,502620,Delivered,1,63,45,4.4,Good,Normal,Geocode Issue,Critical,Review and correct coordinates
ORD004609,DRV0239,2026-01-03,Delhi,528966,Returned,1,41,60,3.3,Good,Normal,Geocode Issue,Critical,Review and correct coordinates
ORD004604,DRV0061,2026-04-06,Mumbai,602104,Returned,1,65,90,3.4,Missing,Normal,Geocode Issue,Critical,Review and correct coordinates
ORD004586,DRV0115,2026-04-07,Kolkata,601639,Delivered,2,42,60,3.2,Good,Normal,Geocode Issue,Critical,Review and correct coordinates
ORD004547,DRV0191,2026-02-15,Pune,764560,Delivered,1,63,120,3.3,Good,Normal,Geocode Issue,Critical,Review and correct coordinates
ORD004688,DRV0209,2026-03-11,Chennai,724659,Delivered,1,113,120,3.7,Poor,Normal,Geocode Issue,Critical,Review and correct coordinates
ORD004679,DRV0108,2026-01-13,Delhi,779654,Delivered,1,27,30,4.3,Good,Normal,Geocode Issue,Critical,Review and correct coordinates
ORD004651,DRV0214,2026-04-29,Mumbai,792397,Delivered,1,91,120,2.6,Good,Normal,Geocode Issue,Critical,Review and correct coordinates
ORD004650,DRV0175,2026-06-03,Chennai,717101,Returned,1,38,60,5.0,Good,Normal,Geocode Issue,Critical,Review and correct coordinates
ORD004645,DRV0152,2026-04-12,Ahmedabad,590290,Delivered,2,82,120,4.1,Good,Normal,Geocode Issue,Critical,Review and correct coordinates
ORD004630,DRV0104,2026-01-04,Kolkata,774201,Returned,1,16,30,3.4,Good,Normal,Geocode Issue,Critical,Review and correct coordinates
ORD004624,DRV0087,2026-01-12,Kolkata,709238,Delivered,1,48,60,4.1,Good,Normal,Geocode Issue,Critical,Review and correct coordinates
ORD004614,DRV0043,2026-06-13,Pune,665534,Failed,1,110,120,2.9,Poor,Normal,Geocode Issue,Critical,Review and correct coordinates
ORD001831,DRV0083,2026-06-19,Delhi,525689,Delivered,1,40,45,4.9,Good,Normal,Geocode Issue,Critical,Review and correct coordinates
ORD001794,DRV0166,2026-04-09,Ahmedabad,614752,Failed,1,25,45,3.2,Good,Normal,Geocode Issue,Critical,Review and correct coordinates
ORD001783,DRV0064,2026-06-30,Bengaluru,720318,Delivered,1,45,90,4.6,Good,Normal,Geocode Issue,Critical,Review and correct coordinates
ORD001777,DRV0169,2026-03-10,Delhi,527291,Delivered,5,60,120,4.0,Good,Normal,Geocode Issue,Critical,Review and correct coordinates
ORD004360,DRV0008,2026-06-12,Mumbai,612545,Failed,2,16,30,2.8,Good,Normal,Geocode Issue,Critical,Review and correct coordinates
ORD004453,DRV0226,2026-03-16,Mumbai,515830,Delivered,1,111,120,4.6,Poor,Normal,Geocode Issue,Critical,Review and correct coordinates
ORD004433,DRV0060,2026-03-03,Pune,528404,Delivered,2,33,45,3.1,Good,Normal,Geocode Issue,Critical,Review and correct coordinates
ORD004425,DRV0069,2026-01-04,Pune,741652,Delivered,2,25,30,3.3,Good,Normal,Geocode Issue,Critical,Review and correct coordinates
ORD004424,DRV0015,2026-06-24,Chennai,643552,Delivered,2,96,120,2.7,Missing,Normal,Geocode Issue,Critical,Review and correct coordinates
ORD004530,DRV0193,2026-01-25,Hyderabad,541666,Returned,2,30,60,3.2,Poor,Normal,Geocode Issue,Critical,Review and correct coordinates
ORD004528,DRV0008,2026-02-17,Mumbai,624955,Returned,1,87,120,2.8,Good,Normal,Geocode Issue,Critical,Review and correct coordinates
ORD004506,DRV0178,2026-03-28,Hyderabad,697475,Returned,1,106,120,4.4,Good,Anomaly,Geocode Issue,Critical,Review and correct coordinates
ORD004504,DRV0134,2026-03-24,Hyderabad,770000,Failed,2,60,120,4.4,Good,Normal,Geocode Issue,Critical,Review and correct coordinates
ORD004499,DRV0241,2026-04-17,Pune,546755,Delivered,1,49,90,3.6,Good,Normal,Geocode Issue,Critical,Review and correct coordinates
ORD004469,DRV0106,2026-02-08,Hyderabad,625012,Delivered,1,64,90,4.7,Good,Normal,Geocode Issue,Critical,Review and correct coordinates
ORD004467,DRV0249,2026-01-06,Ahmedabad,758500,Delivered,1,113,120,4.6,Missing,Normal,Geocode Issue,Critical,Review and correct coordinates
ORD004460,DRV0170,2026-01-18,Ahmedabad,722478,Failed,1,65,90,4.8,Poor,Normal,Geocode Issue,Critical,Review and correct coordinates
ORD001864,DRV0200,2026-03-29,Mumbai,656468,Delivered,1,107,120,3.4,Poor,Normal,Geocode Issue,Critical,Review and correct coordinates
ORD001861,DRV0066,2026-04-02,Delhi,527290,Delivered,5,35,45,4.4,Poor,Normal,Geocode Issue,Critical,Review and correct coordinates
ORD001849,DRV0119,2026-05-22,Kolkata,774975,Delivered,1,28,45,4.6,Good,Normal,Geocode Issue,Critical,Review and correct coordinates
ORD004309,DRV0045,2026-01-14,Pune,728999,Failed,1,55,90,3.8,Good,Normal,Geocode Issue,Critical,Review and correct coordinates
ORD004301,DRV0159,2026-02-23,Hyderabad,631173,Failed,1,55,60,4.0,Good,Normal,Geocode Issue,Critical,Review and correct coordinates
ORD004294,DRV0049,2026-02-06,Ahmedabad,773300,Delivered,1,49,60,4.9,Good,Normal,Geocode Issue,Critical,Review and correct coordinates
ORD004293,DRV0203,2026-02-22,Mumbai,638129,Delivered,1,98,120,3.5,Good,Normal,Geocode Issue,Critical,Review and correct coordinates
ORD004282,DRV0083,2026-04-06,Kolkata,626040,Delivered,1,50,60,4.9,Good,Normal,Geocode Issue,Critical,Review and correct coordinates
ORD004256,DRV0165,2026-03-06,Chennai,703106,Delivered,1,92,120,4.5,Good,Normal,Geocode Issue,Critical,Review and correct coordinates
ORD004247,DRV0170,2026-04-14,Ahmedabad,587043,Delivered,1,57,60,4.7,Good,Normal,Geocode Issue,Critical,Review and correct coordinates
ORD004239,DRV0079,2026-01-20,Delhi,753320,Delivered,2,17,30,4.2,Good,Normal,Geocode Issue,Critical,Review and correct coordinates
ORD001938,DRV0088,2026-01-09,Ahmedabad,773566,Delivered,1,109,90,3.5,Good,Normal,Geocode Issue,Critical,Review and correct coordinates
ORD001935,DRV0202,2026-02-15,Pune,763208,Delivered,1,67,120,3.7,Good,Normal,Geocode Issue,Critical,Review and correct coordinates
ORD001928,DRV0210,2026-05-02,Kolkata,775002,Delivered,1,73,90,3.3,Good,Normal,Geocode Issue,Critical,Review and correct coordinates
ORD001923,DRV0244,2026-01-05,Delhi,668003,Delivered,2,75,60,4.3,Good,Normal,Geocode Issue,Critical,Review and correct coordinates
ORD001911,DRV0007,2026-03-12,Ahmedabad,699464,Delivered,3,26,30,4.0,Good,Normal,Geocode Issue,Critical,Review and correct coordinates
ORD001908,DRV0166,2026-03-18,Chennai,677063,Returned,1,100,120,4.6,Good,Normal,Geocode Issue,Critical,Review and correct coordinates
ORD004378,DRV0174,2026-04-30,Kolkata,704047,Delivered,1,55,90,3.2,Poor,Normal,Geocode Issue,Critical,Review and correct coordinates
ORD004364,DRV0126,2026-02-19,Pune,713929,Delivered,1,38,60,4.0,Good,Normal,Geocode Issue,Critical,Review and correct coordinates
ORD004065,DRV0207,2026-04-03,Mumbai,635920,Delivered,2,35,60,2.6,Good,Normal,Geocode Issue,Critical,Review and correct coordinates
ORD004048,DRV0194,2026-06-13,Mumbai,529909,Delivered,2,38,45,4.1,Good,Normal,Geocode Issue,Critical,Review and correct coordinates
ORD004040,DRV0165,2026-01-28,Chennai,516401,Returned,1,22,45,3.3,Good,Normal,Geocode Issue,Critical,Review and correct coordinates
ORD004017,DRV0173,2026-01-07,Hyderabad,623142,Failed,1,18,30,2.9,Good,Normal,Geocode Issue,Critical,Review and correct coordinates
ORD004152,DRV0163,2026-04-01,Pune,700640,Delivered,2,43,60,2.5,Good,Normal,Geocode Issue,Critical,Review and correct coordinates
ORD004151,DRV0049,2026-02-10,Ahmedabad,552879,Delivered,1,50,60,4.6,Good,Normal,Geocode Issue,Critical,Review and correct coordinates
ORD004088,DRV0056,2026-01-18,Ahmedabad,689368,Delivered,1,15,30,2.6,Good,Normal,Geocode Issue,Critical,Review and correct coordinates
ORD004087,DRV0050,2026-06-28,Pune,773639,Delivered,3,102,120,3.7,Good,Normal,Geocode Issue,Critical,Review and correct coordinates
ORD004225,DRV0171,2026-01-08,Delhi,734544,Delivered,2,23,30,4.1,Missing,Normal,Geocode Issue,Critical,Review and correct coordinates
ORD004184,DRV0023,2026-05-25,Hyderabad,583758,Delivered,3,32,45,4.7,Good,Normal,Geocode Issue,Critical,Review and correct coordinates
ORD002039,DRV0175,2026-05-23,Pune,728017,Delivered,1,20,30,4.5,Good,Normal,Geocode Issue,Critical,Review and correct coordinates
ORD001996,DRV0171,2026-02-01,Ahmedabad,632286,Delivered,1,48,60,4.2,Good,Normal,Geocode Issue,Critical,Review and correct coordinates
ORD001991,DRV0090,2026-04-25,Delhi,723298,Returned,1,45,60,4.9,Good,Normal,Geocode Issue,Critical,Review and correct coordinates
ORD001984,DRV0001,2026-01-12,Bengaluru,790949,Delivered,2,67,120,4.1,Good,Normal,Geocode Issue,Critical,Review and correct coordinates
ORD001982,DRV0109,2026-06-09,Pune,534017,Delivered,4,41,60,2.7,Good,Normal,Geocode Issue,Critical,Review and correct coordinates
ORD001962,DRV0209,2026-01-29,Delhi,741285,Delivered,1,28,45,4.1,Poor,Normal,Geocode Issue,Critical,Review and correct coordinates
ORD003763,DRV0168,2026-01-11,Hyderabad,797198,Delivered,1,35,60,2.5,Good,Normal,Geocode Issue,Critical,Review and correct coordinates
ORD003925,DRV0031,2026-03-09,Kolkata,622309,Delivered,2,25,30,3.2,Good,Normal,Geocode Issue,Critical,Review and correct coordinates
ORD003915,DRV0186,2026-01-29,Delhi,504045,Delivered,2,53,60,4.5,Good,Normal,Geocode Issue,Critical,Review and correct coordinates
ORD003862,DRV0161,2026-05-07,Ahmedabad,642349,Delivered,1,33,45,4.5,Good,Normal,Geocode Issue,Critical,Review and correct coordinates
ORD003850,DRV0078,2026-06-27,Bengaluru,517056,Failed,1,20,30,2.6,Good,Normal,Geocode Issue,Critical,Review and correct coordinates
ORD003849,DRV0033,2026-01-21,Mumbai,778763,Delivered,1,78,90,3.9,Good,Normal,Geocode Issue,Critical,Review and correct coordinates
ORD004001,DRV0134,2026-05-29,Delhi,623346,Delivered,2,82,90,3.8,Poor,Normal,Geocode Issue,Critical,Review and correct coordinates
ORD003994,DRV0221,2026-01-20,Chennai,520823,Delivered,1,31,45,4.1,Good,Normal,Geocode Issue,Critical,Review and correct coordinates
ORD003986,DRV0234,2026-03-21,Kolkata,643188,Returned,1,20,30,4.0,Good,Normal,Geocode Issue,Critical,Review and correct coordinates
ORD003976,DRV0070,2026-02-19,Bengaluru,614468,Returned,1,68,90,3.9,Good,Normal,Geocode Issue,Critical,Review and correct coordinates
ORD002101,DRV0048,2026-01-21,Kolkata,522869,Returned,1,48,90,3.0,Poor,Normal,Geocode Issue,Critical,Review and correct coordinates
ORD002094,DRV0125,2026-03-23,Hyderabad,728126,Failed,1,137,120,2.7,Good,Normal,Geocode Issue,Critical,Review and correct coordinates
ORD002078,DRV0188,2026-04-28,Hyderabad,711957,Delivered,1,40,60,3.8,Poor,Normal,Geocode Issue,Critical,Review and correct coordinates
ORD002044,DRV0237,2026-01-03,Hyderabad,723082,Delivered,2,17,30,3.8,Good,Normal,Geocode Issue,Critical,Review and correct coordinates
ORD004076,DRV0202,2026-06-01,Ahmedabad,638724,Failed,1,40,60,3.6,Good,Normal,Geocode Issue,Critical,Review and correct coordinates
ORD004069,DRV0128,2026-06-01,Ahmedabad,619469,Failed,1,50,60,3.4,Good,Normal,Geocode Issue,Critical,Review and correct coordinates
ORD003605,DRV0245,2026-02-22,Bengaluru,658651,Returned,3,30,45,3.7,Poor,Normal,Geocode Issue,Critical,Review and correct coordinates
ORD003587,DRV0016,2026-02-02,Bengaluru,524745,Delivered,2,40,45,4.3,Poor,Normal,Geocode Issue,Critical,Review and correct coordinates
ORD003683,DRV0037,2026-03-06,Mumbai,517841,Delivered,1,19,30,3.0,Good,Normal,Geocode Issue,Critical,Review and correct coordinates
ORD003681,DRV0179,2026-02-10,Kolkata,772438,Delivered,1,37,45,4.0,Good,Normal,Geocode Issue,Critical,Review and correct coordinates
ORD003671,DRV0222,2026-06-25,Kolkata,592275,Failed,1,28,30,3.3,Good,Normal,Geocode Issue,Critical,Review and correct coordinates
ORD003719,DRV0111,2026-06-18,Bengaluru,542948,Delivered,1,25,45,3.0,Good,Anomaly,Geocode Issue,Critical,Review and correct coordinates
ORD002148,DRV0046,2026-06-07,Mumbai,654426,Failed,1,26,45,4.2,Good,Normal,Geocode Issue,Critical,Review and correct coordinates
ORD002134,DRV0085,2026-01-18,Bengaluru,507986,Returned,2,62,120,3.8,Good,Normal,Geocode Issue,Critical,Review and correct coordinates
ORD002133,DRV0048,2026-06-10,Hyderabad,597921,Returned,2,29,45,2.7,Good,Normal,Geocode Issue,Critical,Review and correct coordinates
ORD002125,DRV0017,2026-05-19,Bengaluru,657229,Returned,1,18,30,3.9,Good,Normal,Geocode Issue,Critical,Review and correct coordinates
ORD002108,DRV0229,2026-02-24,Pune,688713,Delivered,1,32,45,4.3,Good,Normal,Geocode Issue,Critical,Review and correct coordinates
ORD002103,DRV0245,2026-03-07,Ahmedabad,545415,Failed,1,47,60,2.8,Good,Normal,Geocode Issue,Critical,Review and correct coordinates
ORD003842,DRV0192,2026-03-08,Pune,640064,Delivered,1,80,120,4.2,Poor,Normal,Geocode Issue,Critical,Review and correct coordinates
ORD003821,DRV0078,2026-06-28,Hyderabad,645068,Delivered,1,58,90,2.9,Good,Normal,Geocode Issue,Critical,Review and correct coordinates
ORD003798,DRV0093,2026-01-19,Kolkata,609376,Delivered,1,49,60,4.3,Good,Normal,Geocode Issue,Critical,Review and correct coordinates
ORD003782,DRV0055,2026-02-11,Bengaluru,587754,Delivered,1,80,120,1.7,Good,Normal,Geocode Issue,Critical,Review and correct coordinates
ORD003487,DRV0135,2026-02-25,Pune,660737,Returned,1,23,45,3.4,Good,Normal,Geocode Issue,Critical,Review and correct coordinates
ORD003461,DRV0026,2026-02-01,Mumbai,672960,Delivered,1,35,60,2.7,Good,Normal,Geocode Issue,Critical,Review and correct coordinates
ORD003579,DRV0088,2026-03-16,Delhi,715243,Failed,1,40,45,3.8,Good,Normal,Geocode Issue,Critical,Review and correct coordinates
ORD003555,DRV0185,2026-04-17,Mumbai,501709,Returned,1,87,120,4.8,Good,Normal,Geocode Issue,Critical,Review and correct coordinates
ORD003532,DRV0021,2026-06-22,Hyderabad,590255,Failed,2,68,90,4.3,Poor,Normal,Geocode Issue,Critical,Review and correct coordinates
ORD002209,DRV0092,2026-01-16,Chennai,750169,Delivered,2,19,30,3.1,Missing,Normal,Geocode Issue,Critical,Review and correct coordinates
ORD002198,DRV0249,2026-06-26,Mumbai,580093,Delivered,3,61,120,4.3,Good,Normal,Geocode Issue,Critical,Review and correct coordinates
ORD002194,DRV0131,2026-04-10,Chennai,761008,Delivered,2,28,45,4.2,Good,Normal,Geocode Issue,Critical,Review and correct coordinates
ORD002182,DRV0178,2026-03-29,Kolkata,577378,Delivered,2,73,90,4.4,Good,Normal,Geocode Issue,Critical,Review and correct coordinates
ORD002174,DRV0048,2026-06-02,Kolkata,574761,Delivered,2,48,60,4.9,Good,Normal,Geocode Issue,Critical,Review and correct coordinates
ORD002169,DRV0104,2026-04-06,Hyderabad,640024,Delivered,2,81,90,4.4,Good,Normal,Geocode Issue,Critical,Review and correct coordinates
ORD002164,DRV0069,2026-01-26,Chennai,769844,Failed,1,56,30,4.2,Good,Normal,Geocode Issue,Critical,Review and correct coordinates
ORD003636,DRV0079,2026-01-08,Kolkata,603936,Delivered,1,98,120,3.7,Good,Normal,Geocode Issue,Critical,Review and correct coordinates
ORD003615,DRV0201,2026-01-06,Chennai,630555,Delivered,3,48,60,3.2,Good,Normal,Geocode Issue,Critical,Review and correct coordinates
ORD003614,DRV0159,2026-05-10,Bengaluru,751204,Delivered,1,16,30,3.3,Good,Normal,Geocode Issue,Critical,Review and correct coordinates
ORD003611,DRV0212,2026-06-23,Bengaluru,518926,Failed,1,28,45,4.6,Good,Normal,Geocode Issue,Critical,Review and correct coordinates
ORD003329,DRV0129,2026-03-05,Ahmedabad,670333,Delivered,1,26,30,4.8,Good,Normal,Geocode Issue,Critical,Review and correct coordinates
ORD003309,DRV0235,2026-02-01,Delhi,540540,Delivered,2,101,120,4.3,Good,Normal,Geocode Issue,Critical,Review and correct coordinates
ORD003301,DRV0015,2026-05-17,Ahmedabad,679125,Delivered,1,28,45,3.0,Good,Normal,Geocode Issue,Critical,Review and correct coordinates
ORD003453,DRV0175,2026-06-13,Chennai,643999,Delivered,3,55,60,3.8,Good,Normal,Geocode Issue,Critical,Review and correct coordinates
ORD003448,DRV0213,2026-04-22,Bengaluru,583972,Delivered,1,58,90,4.9,Good,Normal,Geocode Issue,Critical,Review and correct coordinates
ORD003445,DRV0228,2026-06-24,Ahmedabad,773522,Failed,1,42,45,4.5,Good,Normal,Geocode Issue,Critical,Review and correct coordinates
ORD003413,DRV0119,2026-01-31,Chennai,563666,Delivered,1,21,30,5.0,Poor,Normal,Geocode Issue,Critical,Review and correct coordinates
ORD003385,DRV0188,2026-04-07,Delhi,574980,Delivered,1,80,90,4.6,Poor,Normal,Geocode Issue,Critical,Review and correct coordinates
ORD002260,DRV0101,2026-03-07,Pune,765883,Returned,1,37,45,3.1,Good,Normal,Geocode Issue,Critical,Review and correct coordinates
ORD002244,DRV0009,2026-02-06,Delhi,798362,Delivered,1,63,120,3.7,Good,Anomaly,Geocode Issue,Critical,Review and correct coordinates
ORD002239,DRV0249,2026-05-27,Bengaluru,614504,Delivered,1,47,60,4.1,Good,Normal,Geocode Issue,Critical,Review and correct coordinates
ORD002234,DRV0231,2026-02-19,Delhi,650504,Returned,4,68,90,4.5,Good,Normal,Geocode Issue,Critical,Review and correct coordinates
ORD002217,DRV0047,2026-02-01,Mumbai,575881,Delivered,1,64,120,3.9,Good,Normal,Geocode Issue,Critical,Review and correct coordinates
ORD002214,DRV0173,2026-04-28,Hyderabad,677795,Returned,1,94,120,2.7,Poor,Normal,Geocode Issue,Critical,Review and correct coordinates
ORD003510,DRV0022,2026-02-14,Chennai,719101,Delivered,2,68,120,2.9,Good,Normal,Geocode Issue,Critical,Review and correct coordinates
ORD003506,DRV0007,2026-03-29,Bengaluru,556525,Delivered,1,40,45,4.0,Good,Normal,Geocode Issue,Critical,Review and correct coordinates
ORD002998,DRV0188,2026-01-14,Hyderabad,740063,Delivered,1,108,120,3.8,Good,Normal,Geocode Issue,Critical,Review and correct coordinates
ORD003132,DRV0214,2026-01-21,Delhi,545489,Failed,1,46,60,3.0,Missing,Normal,Geocode Issue,Critical,Review and correct coordinates
ORD003123,DRV0215,2026-02-05,Delhi,685672,Delivered,1,61,90,2.8,Good,Normal,Geocode Issue,Critical,Review and correct coordinates
ORD003120,DRV0227,2026-03-19,Ahmedabad,646769,Delivered,1,56,90,3.8,Good,Normal,Geocode Issue,Critical,Review and correct coordinates
ORD003116,DRV0195,2026-01-13,Ahmedabad,613369,Delivered,1,23,45,4.5,Good,Normal,Geocode Issue,Critical,Review and correct coordinates
ORD003088,DRV0099,2026-06-07,Delhi,640072,Delivered,1,71,120,4.8,Good,Normal,Geocode Issue,Critical,Review and correct coordinates
ORD003198,DRV0229,2026-01-11,Kolkata,729333,Delivered,2,85,90,4.7,Good,Normal,Geocode Issue,Critical,Review and correct coordinates
ORD003167,DRV0038,2026-01-23,Delhi,654791,Delivered,1,20,30,3.0,Poor,Normal,Geocode Issue,Critical,Review and correct coordinates
ORD003165,DRV0142,2026-01-13,Ahmedabad,605506,Delivered,1,25,30,4.3,Good,Normal,Geocode Issue,Critical,Review and correct coordinates
ORD003260,DRV0097,2026-06-26,Mumbai,680963,Delivered,1,24,45,3.2,Good,Normal,Geocode Issue,Critical,Review and correct coordinates
ORD003255,DRV0031,2026-03-05,Delhi,535119,Failed,1,53,90,3.0,Good,Normal,Geocode Issue,Critical,Review and correct coordinates
ORD003238,DRV0097,2026-06-29,Delhi,612601,Delivered,1,38,60,3.5,Good,Normal,Geocode Issue,Critical,Review and correct coordinates
ORD002344,DRV0092,2026-06-25,Kolkata,750801,Delivered,1,76,90,3.3,Good,Normal,Geocode Issue,Critical,Review and correct coordinates
ORD003358,DRV0100,2026-03-09,Ahmedabad,795855,Delivered,2,78,90,3.1,Poor,Normal,Geocode Issue,Critical,Review and correct coordinates
ORD003355,DRV0108,2026-01-05,Pune,744375,Failed,1,23,30,4.6,Good,Normal,Geocode Issue,Critical,Review and correct coordinates
ORD003349,DRV0218,2026-02-25,Hyderabad,578013,Delivered,2,92,120,1.7,Poor,Normal,Geocode Issue,Critical,Review and correct coordinates
ORD002798,DRV0171,2026-01-13,Chennai,695264,Delivered,1,16,30,4.8,Poor,Normal,Geocode Issue,Critical,Review and correct coordinates
ORD002782,DRV0047,2026-05-27,Mumbai,500416,Delivered,1,29,45,3.4,Missing,Normal,Geocode Issue,Critical,Review and correct coordinates
ORD002756,DRV0138,2026-02-06,Hyderabad,621698,Returned,3,41,60,5.0,Good,Normal,Geocode Issue,Critical,Review and correct coordinates
ORD002750,DRV0216,2026-01-26,Mumbai,669295,Delivered,1,25,30,4.5,Good,Normal,Geocode Issue,Critical,Review and correct coordinates
ORD002736,DRV0211,2026-05-19,Pune,734892,Delivered,1,77,120,3.6,Good,Normal,Geocode Issue,Critical,Review and correct coordinates
ORD002852,DRV0090,2026-02-05,Chennai,620255,Delivered,1,27,45,2.6,Poor,Anomaly,Geocode Issue,Critical,Review and correct coordinates
ORD002821,DRV0003,2026-04-12,Mumbai,637502,Failed,2,25,30,3.4,Good,Normal,Geocode Issue,Critical,Review and correct coordinates
ORD002817,DRV0138,2026-05-04,Kolkata,790398,Returned,1,110,45,4.7,Good,Normal,Geocode Issue,Critical,Review and correct coordinates
ORD002904,DRV0125,2026-03-13,Chennai,665634,Delivered,1,37,45,2.7,Good,Normal,Geocode Issue,Critical,Review and correct coordinates
ORD002901,DRV0206,2026-04-16,Ahmedabad,679567,Failed,1,36,60,4.1,Poor,Normal,Geocode Issue,Critical,Review and correct coordinates
ORD002866,DRV0004,2026-01-18,Kolkata,525412,Delivered,1,60,90,4.6,Good,Normal,Geocode Issue,Critical,Review and correct coordinates
ORD002863,DRV0239,2026-04-14,Mumbai,507204,Delivered,2,80,120,4.7,Good,Normal,Geocode Issue,Critical,Review and correct coordinates
ORD002937,DRV0194,2026-04-21,Kolkata,793693,Returned,1,32,60,4.5,Good,Normal,Geocode Issue,Critical,Review and correct coordinates
ORD002401,DRV0066,2026-03-04,Pune,713417,Delivered,3,29,45,4.3,Good,Normal,Geocode Issue,Critical,Review and correct coordinates
ORD002399,DRV0037,2026-01-31,Chennai,513081,Delivered,1,53,60,3.2,Good,Normal,Geocode Issue,Critical,Review and correct coordinates
ORD003036,DRV0009,2026-06-25,Mumbai,540263,Returned,1,26,30,4.1,Good,Normal,Geocode Issue,Critical,Review and correct coordinates
ORD002635,DRV0131,2026-03-30,Hyderabad,681569,Failed,1,20,30,4.5,Good,Normal,Geocode Issue,Critical,Review and correct coordinates
ORD002633,DRV0236,2026-01-23,Delhi,753399,Returned,1,39,45,3.2,Poor,Anomaly,Geocode Issue,Critical,Review and correct coordinates
ORD002735,DRV0227,2026-02-28,Chennai,747215,Returned,2,15,30,3.8,Good,Normal,Geocode Issue,Critical,Review and correct coordinates
ORD002731,DRV0026,2026-02-19,Ahmedabad,501304,Delivered,1,73,120,2.6,Good,Normal,Geocode Issue,Critical,Review and correct coordinates
ORD002730,DRV0185,2026-06-09,Kolkata,646774,Delivered,1,63,90,2.6,Poor,Normal,Geocode Issue,Critical,Review and correct coordinates
ORD002722,DRV0147,2026-05-08,Delhi,616796,Failed,1,20,30,2.6,Poor,Normal,Geocode Issue,Critical,Review and correct coordinates
ORD002717,DRV0205,2026-01-13,Delhi,783407,Failed,1,22,45,3.6,Poor,Normal,Geocode Issue,Critical,Review and correct coordinates
ORD002706,DRV0101,2026-06-23,Hyderabad,670166,Failed,1,84,90,3.9,Good,Normal,Geocode Issue,Critical,Review and correct coordinates
ORD002693,DRV0146,2026-04-21,Hyderabad,583834,Delivered,2,34,45,4.7,Good,Normal,Geocode Issue,Critical,Review and correct coordinates
ORD002466,DRV0124,2026-01-31,Ahmedabad,780742,Delivered,1,23,45,3.6,Good,Normal,Geocode Issue,Critical,Review and correct coordinates
ORD002459,DRV0193,2026-01-26,Ahmedabad,744651,Returned,1,27,30,4.5,Good,Normal,Geocode Issue,Critical,Review and correct coordinates
ORD002455,DRV0221,2026-01-31,Hyderabad,710474,Delivered,1,87,120,4.9,Good,Normal,Geocode Issue,Critical,Review and correct coordinates
ORD002450,DRV0197,2026-01-26,Bengaluru,758504,Delivered,1,23,30,2.9,Good,Normal,Geocode Issue,Critical,Review and correct coordinates
ORD002435,DRV0110,2026-01-07,Kolkata,528197,Delivered,6,38,45,4.2,Good,Normal,Geocode Issue,Critical,Review and correct coordinates
ORD002430,DRV0037,2026-05-16,Hyderabad,681744,Failed,2,61,90,3.5,Good,Normal,Geocode Issue,Critical,Review and correct coordinates
ORD002803,DRV0110,2026-03-10,Mumbai,591156,Returned,1,188,120,3.7,Good,Normal,Geocode Issue,Critical,Review and correct coordinates
ORD009606,DRV0154,2026-06-29,Ahmedabad,501946,Delivered,2,24,30,2.9,Good,Normal,Geocode Issue,Critical,Review and correct coordinates
ORD009804,DRV0096,2026-05-22,Ahmedabad,545309,Delivered,1,107,90,4.1,Missing,Normal,Geocode Issue,Critical,Review and correct coordinates
ORD009803,DRV0056,2026-04-20,Delhi,594766,Delivered,1,17,30,4.8,Good,Normal,Geocode Issue,Critical,Review and correct coordinates
ORD009749,DRV0031,2026-01-24,Hyderabad,524945,Delivered,1,29,45,3.7,Good,Normal,Geocode Issue,Critical,Review and correct coordinates
ORD009744,DRV0075,2026-01-20,Ahmedabad,696164,Delivered,1,23,45,5.0,Good,Normal,Geocode Issue,Critical,Review and correct coordinates
ORD009739,DRV0221,2026-01-17,Pune,707191,Delivered,1,40,45,4.1,Poor,Normal,Geocode Issue,Critical,Review and correct coordinates
ORD009733,DRV0163,2026-02-24,Ahmedabad,541679,Delivered,2,39,45,4.8,Missing,Normal,Geocode Issue,Critical,Review and correct coordinates
ORD009722,DRV0025,2026-06-30,Hyderabad,732870,Delivered,2,57,60,4.5,Good,Normal,Geocode Issue,Critical,Review and correct coordinates
ORD009893,DRV0132,2026-03-09,Hyderabad,774572,Delivered,2,70,90,4.4,Good,Normal,Geocode Issue,Critical,Review and correct coordinates
ORD009872,DRV0112,2026-05-19,Hyderabad,563414,Delivered,2,32,45,3.7,Good,Normal,Geocode Issue,Critical,Review and correct coordinates
ORD009824,DRV0026,2026-04-04,Ahmedabad,759398,Delivered,1,99,120,3.8,Good,Normal,Geocode Issue,Critical,Review and correct coordinates
ORD000242,DRV0240,2026-01-09,Ahmedabad,650518,Delivered,1,42,45,4.0,Good,Normal,Geocode Issue,Critical,Review and correct coordinates
ORD000239,DRV0184,2026-01-24,Ahmedabad,767583,Delivered,2,106,90,2.5,Poor,Normal,Geocode Issue,Critical,Review and correct coordinates
ORD000196,DRV0120,2026-06-06,Chennai,545201,Delivered,1,162,90,3.2,Good,Normal,Geocode Issue,Critical,Review and correct coordinates
ORD000190,DRV0114,2026-05-27,Bengaluru,572191,Failed,1,50,60,2.9,Good,Normal,Geocode Issue,Critical,Review and correct coordinates
ORD000177,DRV0110,2026-06-07,Hyderabad,684977,Delivered,1,24,45,4.0,Poor,Normal,Geocode Issue,Critical,Review and correct coordinates
ORD000072,DRV0188,2026-06-07,Pune,782157,Delivered,1,77,120,4.9,Good,Normal,Geocode Issue,Critical,Review and correct coordinates
ORD000095,DRV0117,2026-03-22,Bengaluru,632329,Delivered,1,77,90,4.2,Good,Normal,Geocode Issue,Critical,Review and correct coordinates
ORD008603,DRV0048,2026-02-05,Hyderabad,585573,Delivered,1,59,90,2.9,Good,Normal,Geocode Issue,Critical,Review and correct coordinates
ORD003487,DRV0135,2026-02-25,Pune,660737,Returned,1,23,45,3.4,Good,Normal,Geocode Issue,Critical,Review and correct coordinates
ORD003198,DRV0229,2026-01-11,Kolkata,729333,Delivered,2,85,90,4.7,Good,Normal,Geocode Issue,Critical,Review and correct coordinates
ORD008775,DRV0067,2026-04-12,Hyderabad,689912,Delivered,1,33,45,4.1,Good,Normal,Geocode Issue,Critical,Review and correct coordinates
ORD000117,DRV0149,2026-02-03,Delhi,547255,Delivered,1,56,90,3.3,Good,Normal,Geocode Issue,Critical,Review and correct coordinates
ORD000090,DRV0016,2026-03-20,Chennai,798428,Delivered,1,64,90,1.5,Good,Normal,Customer Experience Issue,High,Investigate customer issue
ORD004353,DRV0228,2026-05-25,Chennai,659866,Failed,2,109,120,3.5,Missing,Normal,Address Issue,High,Verify delivery address
ORD004320,DRV0151,2026-06-25,Chennai,546033,Delivered,2,45,60,4.3,Missing,Normal,Address Issue,High,Verify delivery address
ORD005789,DRV0211,2026-01-13,Ahmedabad,527240,Delivered,1,41,45,4.8,Missing,Normal,Address Issue,High,Verify delivery address
ORD000672,DRV0103,2026-03-19,Ahmedabad,749700,Returned,2,192,120,2.6,Good,Normal,SLA Breach,High,Escalate to operations
ORD006619,DRV0144,2026-01-19,Pune,642233,Failed,1,39,45,4.1,Missing,Normal,Address Issue,High,Verify delivery address
ORD006628,DRV0074,2026-06-30,Pune,748917,Delivered,2,22,30,2.2,Good,Normal,Customer Experience Issue,High,Investigate customer issue
ORD003073,DRV0179,2026-03-01,Kolkata,799603,Failed,1,83,60,4.5,Good,Normal,SLA Breach,High,Escalate to operations
ORD008595,DRV0240,2026-04-07,Bengaluru,614147,Failed,1,136,120,2.5,Good,Normal,SLA Breach,High,Escalate to operations
ORD007598,DRV0128,2026-02-05,Pune,760171,Delivered,1,112,45,4.9,Good,Normal,SLA Breach,High,Escalate to operations
ORD007605,DRV0068,2026-01-18,Kolkata,503294,Delivered,1,182,120,4.4,Poor,Normal,SLA Breach,High,Escalate to operations
ORD007616,DRV0212,2026-04-08,Bengaluru,666012,Failed,1,22,45,1.6,Good,Normal,Customer Experience Issue,High,Investigate customer issue
ORD007621,DRV0020,2026-01-28,Delhi,584506,Delivered,1,50,60,3.1,Missing,Normal,Address Issue,High,Verify delivery address
ORD007624,DRV0216,2026-02-05,Delhi,723144,Delivered,1,72,30,4.9,Good,Normal,SLA Breach,High,Escalate to operations
ORD007631,DRV0250,2026-05-09,Chennai,738875,Delivered,1,156,120,3.7,Good,Normal,SLA Breach,High,Escalate to operations
ORD007639,DRV0216,2026-06-11,Hyderabad,693514,Failed,2,95,120,4.5,Missing,Normal,Address Issue,High,Verify delivery address
ORD000198,DRV0225,2026-02-03,Chennai,726816,Failed,2,28,30,3.1,Missing,Normal,Address Issue,High,Verify delivery address
ORD000207,DRV0049,2026-05-08,Chennai,769864,Delivered,1,78,60,3.0,Good,Anomaly,SLA Breach,High,Escalate to operations
ORD000213,DRV0155,2026-05-09,Kolkata,521105,Delivered,1,55,60,3.5,Missing,Normal,Address Issue,High,Verify delivery address
ORD002529,DRV0099,2026-02-06,Bengaluru,513319,Failed,1,59,90,4.5,Missing,Normal,Address Issue,High,Verify delivery address
ORD002555,DRV0030,2026-04-28,Mumbai,593678,Delivered,1,78,90,1.4,Good,Normal,Customer Experience Issue,High,Investigate customer issue
ORD002572,DRV0250,2026-04-04,Mumbai,715952,Delivered,1,18,30,4.5,Missing,Normal,Address Issue,High,Verify delivery address
ORD002575,DRV0228,2026-05-28,Ahmedabad,647434,Delivered,1,179,120,4.9,Poor,Normal,SLA Breach,High,Escalate to operations
ORD002593,DRV0162,2026-01-11,Pune,733972,Delivered,1,100,120,3.2,Missing,Normal,Address Issue,High,Verify delivery address
ORD002601,DRV0021,2026-01-03,Chennai,654788,Returned,2,31,45,1.5,Good,Normal,Customer Experience Issue,High,Investigate customer issue
ORD002605,DRV0091,2026-02-26,Delhi,722777,Delivered,1,26,30,2.0,Poor,Normal,Customer Experience Issue,High,Investigate customer issue
ORD000026,DRV0119,2026-01-20,Mumbai,732328,Failed,1,113,120,3.7,Missing,Normal,Address Issue,High,Verify delivery address
ORD000031,DRV0153,2026-06-22,Bengaluru,623314,Delivered,1,202,120,4.8,Poor,Normal,SLA Breach,High,Escalate to operations
ORD000038,DRV0232,2026-01-24,Hyderabad,722075,Delivered,1,126,60,3.3,Good,Normal,SLA Breach,High,Escalate to operations
ORD005870,DRV0199,2026-04-04,Kolkata,753899,Returned,1,100,120,3.8,Missing,Normal,Address Issue,High,Verify delivery address
ORD000134,DRV0098,2026-04-27,Pune,765054,Failed,1,92,30,3.4,Poor,Normal,SLA Breach,High,Escalate to operations
ORD000075,DRV0143,2026-05-13,Hyderabad,600168,Delivered,1,76,90,1.4,Poor,Normal,Customer Experience Issue,High,Investigate customer issue
ORD002704,DRV0085,2026-01-18,Pune,703388,Failed,1,26,30,1.3,Good,Normal,Customer Experience Issue,High,Investigate customer issue
ORD002715,DRV0215,2026-05-01,Delhi,521965,Returned,1,18,30,4.8,Missing,Normal,Address Issue,High,Verify delivery address
ORD002723,DRV0036,2026-01-01,Kolkata,588387,Returned,1,104,60,3.3,Good,Normal,SLA Breach,High,Escalate to operations
ORD002732,DRV0024,2026-04-30,Bengaluru,783578,Failed,1,34,45,4.5,Missing,Normal,Address Issue,High,Verify delivery address
ORD002631,DRV0200,2026-05-07,Pune,726100,Delivered,1,86,120,4.4,Missing,Normal,Address Issue,High,Verify delivery address
ORD002638,DRV0229,2026-01-31,Pune,782893,Delivered,3,70,45,4.9,Poor,Normal,SLA Breach,High,Escalate to operations
ORD002640,DRV0062,2026-05-20,Delhi,790813,Delivered,1,94,60,4.4,Good,Normal,SLA Breach,High,Escalate to operations
ORD000226,DRV0026,2026-03-26,Kolkata,747675,Delivered,1,62,45,4.0,Poor,Normal,SLA Breach,High,Escalate to operations
ORD009829,DRV0234,2026-02-20,Pune,751674,Delivered,1,187,120,4.0,Good,Normal,SLA Breach,High,Escalate to operations
ORD009835,DRV0155,2026-06-10,Pune,561291,Delivered,2,80,120,1.3,Good,Normal,Customer Experience Issue,High,Investigate customer issue
ORD009836,DRV0006,2026-03-07,Mumbai,788837,Failed,1,124,45,3.1,Poor,Normal,SLA Breach,High,Escalate to operations
ORD009840,DRV0048,2026-01-16,Hyderabad,537912,Delivered,1,36,45,4.4,Missing,Normal,Address Issue,High,Verify delivery address
ORD009850,DRV0178,2026-06-23,Delhi,560016,Returned,2,94,30,3.9,Good,Normal,SLA Breach,High,Escalate to operations
ORD009861,DRV0165,2026-06-06,Chennai,775118,Delivered,1,116,90,3.7,Good,Normal,SLA Breach,High,Escalate to operations
ORD009875,DRV0221,2026-06-16,Ahmedabad,587471,Delivered,1,71,90,4.9,Missing,Normal,Address Issue,High,Verify delivery address
ORD009878,DRV0198,2026-04-30,Mumbai,555432,Returned,2,31,60,1.4,Good,Normal,Customer Experience Issue,High,Investigate customer issue
ORD002425,DRV0129,2026-05-27,Chennai,662029,Delivered,3,42,45,1.7,Good,Normal,Customer Experience Issue,High,Investigate customer issue
ORD002443,DRV0116,2026-05-11,Hyderabad,705512,Delivered,1,133,90,3.8,Good,Normal,SLA Breach,High,Escalate to operations
ORD002456,DRV0128,2026-01-26,Chennai,764889,Delivered,4,51,30,3.9,Good,Normal,SLA Breach,High,Escalate to operations
ORD002458,DRV0023,2026-01-09,Pune,506923,Delivered,1,52,90,3.8,Missing,Normal,Address Issue,High,Verify delivery address
ORD002467,DRV0144,2026-01-02,Bengaluru,595452,Delivered,1,83,120,2.2,Good,Normal,Customer Experience Issue,High,Investigate customer issue
ORD009900,DRV0063,2026-03-22,Pune,675870,Delivered,2,30,60,4.1,Missing,Normal,Address Issue,High,Verify delivery address
ORD009719,DRV0173,2026-05-01,Chennai,769545,Delivered,6,60,120,2.6,Missing,Normal,Address Issue,High,Verify delivery address
ORD009724,DRV0172,2026-03-20,Mumbai,784674,Delivered,3,79,90,3.8,Missing,Normal,Address Issue,High,Verify delivery address
ORD009730,DRV0020,2026-05-25,Ahmedabad,799751,Delivered,1,77,90,1.5,Good,Normal,Customer Experience Issue,High,Investigate customer issue
ORD009790,DRV0209,2026-06-01,Bengaluru,508730,Returned,1,82,30,2.7,Good,Normal,SLA Breach,High,Escalate to operations
ORD009796,DRV0199,2026-05-15,Chennai,579463,Delivered,1,75,90,3.7,Missing,Normal,Address Issue,High,Verify delivery address
ORD009820,DRV0178,2026-01-27,Hyderabad,772351,Returned,1,33,45,3.7,Missing,Normal,Address Issue,High,Verify delivery address
ORD009613,DRV0045,2026-02-18,Mumbai,698575,Failed,1,122,90,3.7,Good,Normal,SLA Breach,High,Escalate to operations
ORD009633,DRV0195,2026-04-10,Hyderabad,748468,Failed,1,24,30,2.8,Missing,Normal,Address Issue,High,Verify delivery address
ORD002469,DRV0225,2026-02-17,Kolkata,585075,Delivered,1,27,30,3.8,Missing,Normal,Address Issue,High,Verify delivery address
ORD002471,DRV0017,2026-06-08,Kolkata,562072,Delivered,1,52,60,2.0,Good,Normal,Customer Experience Issue,High,Investigate customer issue
ORD002816,DRV0207,2026-05-02,Mumbai,568576,Delivered,1,22,45,4.0,Missing,Normal,Address Issue,High,Verify delivery address
ORD002820,DRV0193,2026-02-22,Kolkata,600272,Failed,1,40,45,4.6,Missing,Normal,Address Issue,High,Verify delivery address
ORD002824,DRV0027,2026-01-28,Kolkata,589028,Delivered,2,61,120,1.6,Good,Normal,Customer Experience Issue,High,Investigate customer issue
ORD002826,DRV0070,2026-02-25,Pune,749685,Returned,1,151,90,2.5,Good,Normal,SLA Breach,High,Escalate to operations
ORD002831,DRV0064,2026-02-06,Pune,563959,Delivered,1,111,60,4.4,Poor,Normal,SLA Breach,High,Escalate to operations
ORD002838,DRV0076,2026-02-18,Kolkata,537616,Delivered,1,69,30,4.4,Good,Normal,SLA Breach,High,Escalate to operations
ORD002843,DRV0036,2026-03-14,Delhi,755096,Returned,2,173,90,2.6,Poor,Normal,SLA Breach,High,Escalate to operations
ORD002846,DRV0200,2026-02-07,Pune,596590,Delivered,1,22,30,4.6,Missing,Normal,Address Issue,High,Verify delivery address
ORD002862,DRV0119,2026-06-20,Bengaluru,576498,Delivered,1,138,120,3.8,Good,Normal,SLA Breach,High,Escalate to operations
ORD002742,DRV0221,2026-01-05,Chennai,751126,Delivered,1,117,45,2.9,Good,Normal,SLA Breach,High,Escalate to operations
ORD002789,DRV0124,2026-02-13,Kolkata,554465,Delivered,1,158,120,4.0,Poor,Normal,SLA Breach,High,Escalate to operations
ORD002799,DRV0218,2026-01-30,Bengaluru,608912,Delivered,1,124,45,2.6,Poor,Normal,SLA Breach,High,Escalate to operations
ORD002802,DRV0129,2026-03-18,Kolkata,656211,Failed,1,17,30,5.0,Missing,Normal,Address Issue,High,Verify delivery address
ORD002806,DRV0246,2026-04-05,Kolkata,674333,Failed,2,45,60,3.6,Missing,Normal,Address Issue,High,Verify delivery address
ORD002808,DRV0069,2026-04-05,Ahmedabad,614911,Delivered,1,104,120,2.1,Good,Normal,Customer Experience Issue,High,Investigate customer issue
ORD002809,DRV0074,2026-03-11,Ahmedabad,706468,Delivered,1,32,45,4.2,Missing,Normal,Address Issue,High,Verify delivery address
ORD000275,DRV0183,2026-04-10,Chennai,666030,Delivered,1,19,30,2.2,Good,Normal,Customer Experience Issue,High,Investigate customer issue
ORD000278,DRV0004,2026-04-16,Pune,703318,Delivered,1,75,120,3.0,Missing,Normal,Address Issue,High,Verify delivery address
ORD000279,DRV0176,2026-02-13,Kolkata,572792,Delivered,1,137,90,3.7,Good,Normal,SLA Breach,High,Escalate to operations
ORD002977,DRV0098,2026-01-07,Pune,787857,Delivered,2,115,60,2.8,Poor,Normal,SLA Breach,High,Escalate to operations
ORD002983,DRV0161,2026-06-14,Mumbai,508734,Delivered,1,90,30,3.5,Good,Normal,SLA Breach,High,Escalate to operations
ORD002990,DRV0139,2026-02-23,Ahmedabad,689733,Returned,1,121,60,3.0,Good,Normal,SLA Breach,High,Escalate to operations
ORD002994,DRV0133,2026-03-03,Delhi,580875,Delivered,2,75,90,1.9,Good,Normal,Customer Experience Issue,High,Investigate customer issue
ORD002869,DRV0057,2026-05-12,Hyderabad,646985,Delivered,1,84,90,3.7,Missing,Normal,Address Issue,High,Verify delivery address
ORD002886,DRV0132,2026-04-01,Delhi,662059,Delivered,1,153,120,4.5,Good,Normal,SLA Breach,High,Escalate to operations
ORD002905,DRV0081,2026-06-07,Kolkata,746028,Delivered,4,77,90,3.8,Missing,Normal,Address Issue,High,Verify delivery address
ORD002906,DRV0041,2026-03-13,Chennai,650983,Returned,1,15,30,4.9,Missing,Normal,Address Issue,High,Verify delivery address
ORD002907,DRV0161,2026-03-22,Chennai,503047,Delivered,1,165,120,2.6,Good,Normal,SLA Breach,High,Escalate to operations
ORD002925,DRV0020,2026-03-26,Mumbai,600103,Failed,1,85,30,4.0,Poor,Normal,SLA Breach,High,Escalate to operations
ORD002928,DRV0010,2026-06-05,Bengaluru,519504,Delivered,2,21,30,3.8,Missing,Normal,Address Issue,High,Verify delivery address
ORD002810,DRV0033,2026-03-05,Delhi,580790,Delivered,1,76,90,2.2,Poor,Normal,Customer Experience Issue,High,Investigate customer issue
ORD002813,DRV0172,2026-04-16,Hyderabad,553093,Delivered,1,126,45,2.7,Poor,Normal,SLA Breach,High,Escalate to operations
ORD002392,DRV0079,2026-05-15,Kolkata,726293,Delivered,1,106,45,4.3,Good,Normal,SLA Breach,High,Escalate to operations
ORD002410,DRV0016,2026-05-09,Hyderabad,775523,Delivered,1,30,60,4.1,Missing,Normal,Address Issue,High,Verify delivery address
ORD002412,DRV0022,2026-03-18,Kolkata,522865,Delivered,1,112,120,1.2,Good,Normal,Customer Experience Issue,High,Investigate customer issue
ORD002416,DRV0222,2026-04-02,Hyderabad,672413,Delivered,2,22,45,1.7,Good,Normal,Customer Experience Issue,High,Investigate customer issue
ORD002932,DRV0086,2026-04-06,Mumbai,599400,Delivered,1,64,120,3.9,Missing,Normal,Address Issue,High,Verify delivery address
ORD002933,DRV0109,2026-04-23,Delhi,578617,Failed,1,104,60,3.8,Good,Normal,SLA Breach,High,Escalate to operations
ORD002938,DRV0043,2026-02-02,Delhi,771507,Delivered,2,51,90,3.2,Missing,Normal,Address Issue,High,Verify delivery address
ORD002940,DRV0196,2026-05-23,Mumbai,587512,Delivered,2,74,90,2.1,Good,Normal,Customer Experience Issue,High,Investigate customer issue
ORD002972,DRV0238,2026-04-21,Mumbai,785604,Failed,2,89,60,4.0,Good,Normal,SLA Breach,High,Escalate to operations
ORD009654,DRV0160,2026-05-30,Ahmedabad,771305,Failed,1,53,90,3.5,Missing,Normal,Address Issue,High,Verify delivery address
ORD009674,DRV0247,2026-04-18,Hyderabad,794965,Delivered,1,50,90,2.0,Good,Normal,Customer Experience Issue,High,Investigate customer issue
ORD009686,DRV0228,2026-06-07,Pune,537775,Delivered,3,46,60,3.8,Missing,Normal,Address Issue,High,Verify delivery address
ORD009696,DRV0127,2026-01-19,Hyderabad,768565,Failed,1,29,45,2.3,Poor,Normal,Customer Experience Issue,High,Investigate customer issue
ORD009713,DRV0212,2026-01-31,Bengaluru,531738,Delivered,1,84,90,3.7,Missing,Normal,Address Issue,High,Verify delivery address
ORD000255,DRV0123,2026-03-27,Mumbai,658957,Delivered,1,77,45,4.6,Good,Normal,SLA Breach,High,Escalate to operations
ORD000262,DRV0036,2026-01-18,Mumbai,579183,Delivered,1,68,90,4.9,Missing,Normal,Address Issue,High,Verify delivery address
ORD003028,DRV0222,2026-01-15,Mumbai,633324,Delivered,1,27,30,3.0,Missing,Normal,Address Issue,High,Verify delivery address
ORD003031,DRV0061,2026-03-11,Hyderabad,504461,Failed,2,30,45,1.2,Good,Normal,Customer Experience Issue,High,Investigate customer issue
ORD003041,DRV0224,2026-06-17,Hyderabad,779515,Failed,1,28,45,1.2,Good,Normal,Customer Experience Issue,High,Investigate customer issue
ORD003043,DRV0067,2026-04-18,Delhi,747784,Delivered,1,40,60,4.5,Missing,Normal,Address Issue,High,Verify delivery address
ORD003046,DRV0237,2026-05-20,Ahmedabad,614692,Delivered,1,58,90,2.7,Missing,Normal,Address Issue,High,Verify delivery address
ORD002364,DRV0226,2026-03-18,Chennai,611242,Returned,1,162,90,4.4,Good,Normal,SLA Breach,High,Escalate to operations
ORD002373,DRV0138,2026-04-15,Pune,639251,Delivered,3,44,30,3.6,Good,Normal,SLA Breach,High,Escalate to operations
ORD000290,DRV0115,2026-04-11,Delhi,742778,Returned,1,150,120,2.6,Good,Anomaly,SLA Breach,High,Escalate to operations
ORD000292,DRV0117,2026-05-14,Mumbai,753192,Delivered,1,137,90,4.6,Good,Normal,SLA Breach,High,Escalate to operations
ORD000295,DRV0164,2026-04-12,Kolkata,515305,Returned,1,36,45,1.0,Poor,Normal,Customer Experience Issue,High,Investigate customer issue
ORD000297,DRV0094,2026-02-20,Delhi,739888,Delivered,1,78,90,3.3,Missing,Normal,Address Issue,High,Verify delivery address
ORD000299,DRV0236,2026-06-22,Bengaluru,570227,Delivered,1,33,60,4.8,Missing,Normal,Address Issue,High,Verify delivery address
ORD009553,DRV0047,2026-05-04,Delhi,611624,Delivered,1,43,60,3.0,Missing,Normal,Address Issue,High,Verify delivery address
ORD009562,DRV0094,2026-03-14,Kolkata,762437,Failed,1,23,45,4.2,Missing,Normal,Address Issue,High,Verify delivery address
ORD009577,DRV0015,2026-03-03,Pune,590518,Delivered,1,27,30,4.5,Missing,Normal,Address Issue,High,Verify delivery address
ORD009580,DRV0158,2026-05-21,Ahmedabad,585286,Delivered,1,66,120,1.6,Good,Normal,Customer Experience Issue,High,Investigate customer issue
ORD003007,DRV0075,2026-01-21,Delhi,636075,Returned,2,27,30,1.7,Poor,Normal,Customer Experience Issue,High,Investigate customer issue
ORD003009,DRV0194,2026-06-26,Mumbai,737898,Returned,1,104,90,4.8,Good,Normal,SLA Breach,High,Escalate to operations
ORD009591,DRV0098,2026-06-30,Chennai,686059,Delivered,1,57,45,1.6,Poor,Normal,SLA Breach,High,Escalate to operations
ORD009602,DRV0118,2026-03-19,Chennai,578806,Delivered,1,98,60,4.4,Poor,Normal,SLA Breach,High,Escalate to operations
ORD009481,DRV0207,2026-01-17,Pune,750905,Delivered,1,141,60,3.4,Good,Normal,SLA Breach,High,Escalate to operations
ORD009485,DRV0056,2026-05-01,Mumbai,757296,Delivered,1,27,30,1.1,Good,Normal,Customer Experience Issue,High,Investigate customer issue
ORD009491,DRV0175,2026-03-09,Ahmedabad,559124,Delivered,1,27,30,3.6,Missing,Normal,Address Issue,High,Verify delivery address
ORD009512,DRV0080,2026-04-18,Hyderabad,795944,Delivered,1,57,90,1.3,Good,Normal,Customer Experience Issue,High,Investigate customer issue
ORD009529,DRV0048,2026-03-20,Bengaluru,585785,Delivered,1,24,30,3.2,Missing,Normal,Address Issue,High,Verify delivery address
ORD009538,DRV0201,2026-01-22,Hyderabad,764948,Delivered,1,154,90,3.9,Good,Normal,SLA Breach,High,Escalate to operations
ORD009539,DRV0090,2026-01-14,Kolkata,769741,Delivered,1,114,90,3.5,Good,Normal,SLA Breach,High,Escalate to operations
ORD009541,DRV0003,2026-06-26,Hyderabad,620090,Failed,1,106,120,2.4,Good,Normal,Customer Experience Issue,High,Investigate customer issue
ORD009545,DRV0148,2026-04-09,Hyderabad,729790,Returned,2,29,45,4.3,Missing,Normal,Address Issue,High,Verify delivery address
ORD009550,DRV0218,2026-04-17,Mumbai,537473,Delivered,1,28,30,3.9,Missing,Normal,Address Issue,High,Verify delivery address
ORD003017,DRV0079,2026-01-24,Delhi,652962,Returned,1,113,45,4.3,Poor,Normal,SLA Breach,High,Escalate to operations
ORD003018,DRV0103,2026-04-04,Pune,524221,Returned,1,29,45,3.6,Missing,Normal,Address Issue,High,Verify delivery address
ORD003189,DRV0114,2026-01-31,Delhi,561769,Failed,1,165,90,2.8,Good,Normal,SLA Breach,High,Escalate to operations
ORD003190,DRV0069,2026-04-02,Kolkata,666877,Delivered,2,64,90,4.9,Missing,Normal,Address Issue,High,Verify delivery address
ORD003193,DRV0045,2026-02-07,Pune,566192,Failed,1,110,120,3.6,Missing,Normal,Address Issue,High,Verify delivery address
ORD003202,DRV0173,2026-04-27,Ahmedabad,678354,Delivered,1,117,30,4.3,Good,Normal,SLA Breach,High,Escalate to operations
ORD003207,DRV0134,2026-05-13,Mumbai,676341,Returned,1,44,60,4.0,Missing,Normal,Address Issue,High,Verify delivery address
ORD003073,DRV0179,2026-03-01,Kolkata,799603,Failed,1,83,60,4.5,Good,Normal,SLA Breach,High,Escalate to operations
ORD003099,DRV0085,2026-03-08,Hyderabad,740075,Delivered,2,173,120,2.6,Good,Normal,SLA Breach,High,Escalate to operations
ORD003105,DRV0139,2026-01-06,Kolkata,550290,Delivered,1,38,60,4.2,Missing,Normal,Address Issue,High,Verify delivery address
ORD003110,DRV0077,2026-02-03,Hyderabad,673244,Delivered,3,39,45,1.7,Good,Normal,Customer Experience Issue,High,Investigate customer issue
ORD003111,DRV0110,2026-04-07,Chennai,657734,Failed,3,25,30,2.2,Good,Normal,Customer Experience Issue,High,Investigate customer issue
ORD003126,DRV0077,2026-01-20,Bengaluru,666246,Delivered,2,23,45,2.1,Poor,Normal,Customer Experience Issue,High,Investigate customer issue
ORD003128,DRV0102,2026-05-10,Delhi,578651,Delivered,1,40,60,2.1,Good,Normal,Customer Experience Issue,High,Investigate customer issue
ORD003133,DRV0202,2026-04-13,Pune,723548,Delivered,1,45,60,3.9,Missing,Normal,Address Issue,High,Verify delivery address
ORD003137,DRV0180,2026-06-27,Mumbai,621402,Delivered,1,156,120,4.4,Good,Normal,SLA Breach,High,Escalate to operations
ORD003141,DRV0065,2026-05-09,Ahmedabad,678039,Delivered,1,125,60,2.6,Good,Normal,SLA Breach,High,Escalate to operations
ORD003006,DRV0029,2026-05-15,Hyderabad,690566,Delivered,1,39,45,3.8,Missing,Normal,Address Issue,High,Verify delivery address
ORD002359,DRV0237,2026-05-30,Kolkata,608908,Delivered,2,32,60,2.6,Missing,Normal,Address Issue,High,Verify delivery address
ORD003221,DRV0183,2026-05-27,Delhi,678281,Delivered,1,37,45,2.3,Good,Normal,Customer Experience Issue,High,Investigate customer issue
ORD003226,DRV0192,2026-05-29,Delhi,623915,Returned,1,87,120,2.1,Good,Normal,Customer Experience Issue,High,Investigate customer issue
ORD003235,DRV0037,2026-04-20,Kolkata,554361,Delivered,2,28,45,4.0,Missing,Anomaly,Address Issue,High,Verify delivery address
ORD003246,DRV0199,2026-04-07,Ahmedabad,575697,Returned,1,91,30,1.3,Good,Normal,SLA Breach,High,Escalate to operations
ORD003256,DRV0103,2026-02-05,Hyderabad,591347,Delivered,1,23,30,4.2,Missing,Normal,Address Issue,High,Verify delivery address
ORD003267,DRV0058,2026-03-25,Pune,738575,Returned,1,24,45,3.5,Missing,Normal,Address Issue,High,Verify delivery address
ORD003268,DRV0012,2026-02-27,Mumbai,592823,Delivered,1,73,90,1.3,Good,Normal,Customer Experience Issue,High,Investigate customer issue
ORD003270,DRV0180,2026-02-25,Ahmedabad,561377,Failed,1,42,60,2.8,Missing,Normal,Address Issue,High,Verify delivery address
ORD003274,DRV0132,2026-02-08,Ahmedabad,587251,Delivered,1,31,45,3.1,Missing,Normal,Address Issue,High,Verify delivery address
ORD003276,DRV0003,2026-04-08,Kolkata,595418,Returned,1,103,90,3.2,Good,Normal,SLA Breach,High,Escalate to operations
ORD003279,DRV0097,2026-05-08,Mumbai,745595,Failed,1,49,90,3.3,Missing,Normal,Address Issue,High,Verify delivery address
ORD003281,DRV0170,2026-04-15,Hyderabad,782926,Returned,2,108,60,5.0,Good,Normal,SLA Breach,High,Escalate to operations
ORD003144,DRV0123,2026-01-25,Pune,606843,Delivered,3,32,60,2.2,Poor,Normal,Customer Experience Issue,High,Investigate customer issue
ORD003145,DRV0003,2026-04-01,Chennai,769545,Delivered,1,128,90,3.1,Poor,Normal,SLA Breach,High,Escalate to operations
ORD003149,DRV0242,2026-05-31,Bengaluru,615521,Delivered,1,177,120,4.9,Poor,Normal,SLA Breach,High,Escalate to operations
ORD009373,DRV0183,2026-02-01,Mumbai,606106,Delivered,1,24,45,5.0,Missing,Normal,Address Issue,High,Verify delivery address
ORD009376,DRV0239,2026-05-28,Pune,719080,Delivered,1,42,60,4.7,Missing,Normal,Address Issue,High,Verify delivery address
ORD009381,DRV0027,2026-02-01,Chennai,783797,Delivered,1,48,60,2.6,Missing,Normal,Address Issue,High,Verify delivery address
ORD003298,DRV0243,2026-01-18,Pune,708849,Delivered,1,209,120,3.4,Good,Normal,SLA Breach,High,Escalate to operations
ORD003307,DRV0141,2026-02-02,Delhi,624924,Delivered,1,88,120,3.3,Missing,Normal,Address Issue,High,Verify delivery address
ORD003314,DRV0077,2026-06-12,Mumbai,660283,Delivered,1,57,60,4.6,Missing,Normal,Address Issue,High,Verify delivery address
ORD003331,DRV0244,2026-03-10,Delhi,799318,Delivered,1,82,60,3.3,Poor,Normal,SLA Breach,High,Escalate to operations
ORD003334,DRV0064,2026-05-04,Hyderabad,621867,Delivered,1,55,45,4.4,Good,Normal,SLA Breach,High,Escalate to operations
ORD002270,DRV0197,2026-01-19,Delhi,664218,Delivered,2,76,90,3.5,Missing,Normal,Address Issue,High,Verify delivery address
ORD002282,DRV0068,2026-04-10,Hyderabad,662164,Delivered,2,111,30,3.5,Good,Normal,SLA Breach,High,Escalate to operations
ORD002283,DRV0146,2026-04-24,Ahmedabad,774945,Delivered,1,128,60,4.6,Good,Normal,SLA Breach,High,Escalate to operations
ORD002287,DRV0137,2026-01-29,Mumbai,647537,Returned,1,96,120,1.3,Good,Normal,Customer Experience Issue,High,Investigate customer issue
ORD002289,DRV0167,2026-05-12,Chennai,604418,Delivered,1,15,30,2.7,Missing,Normal,Address Issue,High,Verify delivery address
ORD002340,DRV0110,2026-05-12,Hyderabad,748740,Failed,1,39,45,1.4,Good,Normal,Customer Experience Issue,High,Investigate customer issue
ORD002341,DRV0204,2026-05-03,Chennai,784848,Delivered,1,56,60,1.1,Poor,Normal,Customer Experience Issue,High,Investigate customer issue
ORD002345,DRV0114,2026-02-11,Kolkata,708399,Failed,2,92,60,3.7,Good,Normal,SLA Breach,High,Escalate to operations
ORD003376,DRV0237,2026-05-10,Chennai,506276,Delivered,1,72,90,2.9,Missing,Normal,Address Issue,High,Verify delivery address
ORD003384,DRV0068,2026-01-24,Ahmedabad,762857,Failed,2,28,30,2.7,Missing,Normal,Address Issue,High,Verify delivery address
ORD003417,DRV0093,2026-02-02,Delhi,528710,Delivered,1,34,45,1.9,Good,Normal,Customer Experience Issue,High,Investigate customer issue
ORD003428,DRV0038,2026-05-28,Mumbai,535504,Returned,1,27,45,4.0,Missing,Normal,Address Issue,High,Verify delivery address
ORD003282,DRV0050,2026-01-14,Mumbai,575024,Delivered,1,30,45,1.8,Good,Normal,Customer Experience Issue,High,Investigate customer issue
ORD003283,DRV0006,2026-01-08,Kolkata,698100,Failed,3,52,60,1.1,Missing,Normal,Address Issue,High,Verify delivery address
ORD003294,DRV0045,2026-05-02,Bengaluru,705679,Delivered,1,45,90,4.3,Missing,Normal,Address Issue,High,Verify delivery address
ORD009551,DRV0132,2026-05-15,Ahmedabad,699126,Delivered,2,49,90,1.8,Good,Normal,Customer Experience Issue,High,Investigate customer issue
ORD009417,DRV0016,2026-02-09,Hyderabad,779473,Delivered,1,103,30,3.1,Good,Normal,SLA Breach,High,Escalate to operations
ORD009422,DRV0166,2026-06-20,Kolkata,512258,Delivered,1,27,30,4.7,Missing,Normal,Address Issue,High,Verify delivery address
ORD009441,DRV0228,2026-02-21,Ahmedabad,706071,Returned,1,31,60,4.4,Missing,Normal,Address Issue,High,Verify delivery address
ORD009461,DRV0183,2026-06-08,Chennai,609937,Delivered,1,130,45,4.1,Good,Normal,SLA Breach,High,Escalate to operations
ORD009464,DRV0204,2026-01-10,Bengaluru,757894,Delivered,1,41,45,1.9,Good,Normal,Customer Experience Issue,High,Investigate customer issue
ORD009474,DRV0077,2026-04-29,Bengaluru,589032,Failed,1,80,120,4.6,Missing,Normal,Address Issue,High,Verify delivery address
ORD009355,DRV0149,2026-03-11,Hyderabad,640544,Delivered,1,81,90,3.4,Missing,Normal,Address Issue,High,Verify delivery address
ORD009356,DRV0151,2026-02-25,Chennai,673195,Failed,1,23,45,2.7,Missing,Normal,Address Issue,High,Verify delivery address
ORD002228,DRV0224,2026-02-26,Pune,661161,Returned,1,27,30,4.7,Missing,Normal,Address Issue,High,Verify delivery address
ORD002230,DRV0073,2026-05-28,Mumbai,641368,Delivered,1,108,120,2.1,Poor,Normal,Customer Experience Issue,High,Investigate customer issue
ORD002243,DRV0078,2026-06-19,Mumbai,736329,Returned,1,107,120,1.4,Good,Normal,Customer Experience Issue,High,Investigate customer issue
ORD002255,DRV0246,2026-06-19,Chennai,569417,Delivered,1,132,60,4.8,Good,Normal,SLA Breach,High,Escalate to operations
ORD009388,DRV0178,2026-02-25,Ahmedabad,586033,Delivered,1,100,120,3.8,Missing,Normal,Address Issue,High,Verify delivery address
ORD009391,DRV0159,2026-04-04,Pune,538637,Delivered,1,26,30,1.4,Good,Normal,Customer Experience Issue,High,Investigate customer issue
ORD009395,DRV0146,2026-03-06,Kolkata,716838,Delivered,2,20,30,2.1,Good,Normal,Customer Experience Issue,High,Investigate customer issue
ORD009399,DRV0125,2026-02-20,Bengaluru,511375,Delivered,1,62,90,2.8,Missing,Normal,Address Issue,High,Verify delivery address
ORD009410,DRV0094,2026-05-25,Pune,528790,Delivered,1,52,60,2.3,Good,Normal,Customer Experience Issue,High,Investigate customer issue
ORD000306,DRV0109,2026-06-17,Bengaluru,629777,Delivered,2,22,30,4.9,Missing,Normal,Address Issue,High,Verify delivery address
ORD000309,DRV0083,2026-03-16,Pune,640164,Failed,3,85,30,4.0,Good,Anomaly,SLA Breach,High,Escalate to operations
ORD000312,DRV0132,2026-06-27,Pune,693499,Delivered,3,48,60,4.9,Missing,Normal,Address Issue,High,Verify delivery address
ORD000319,DRV0152,2026-05-13,Mumbai,733343,Delivered,1,56,60,2.2,Good,Normal,Customer Experience Issue,High,Investigate customer issue
ORD000326,DRV0166,2026-03-03,Hyderabad,759463,Delivered,1,85,90,1.9,Poor,Normal,Customer Experience Issue,High,Investigate customer issue
ORD002258,DRV0099,2026-06-13,Delhi,783966,Delivered,1,54,90,1.5,Good,Normal,Customer Experience Issue,High,Investigate customer issue
ORD003363,DRV0062,2026-06-30,Ahmedabad,749989,Delivered,2,96,30,4.8,Good,Normal,SLA Breach,High,Escalate to operations
ORD003545,DRV0020,2026-04-02,Mumbai,716032,Delivered,1,123,45,2.6,Good,Normal,SLA Breach,High,Escalate to operations
ORD003551,DRV0175,2026-02-16,Ahmedabad,542259,Delivered,1,56,90,1.8,Good,Normal,Customer Experience Issue,High,Investigate customer issue
ORD003559,DRV0181,2026-06-29,Chennai,625825,Delivered,3,122,90,3.9,Missing,Normal,Address Issue,High,Verify delivery address
ORD003561,DRV0181,2026-04-26,Chennai,657029,Delivered,1,113,45,4.3,Good,Normal,SLA Breach,High,Escalate to operations
ORD003562,DRV0018,2026-06-12,Kolkata,584909,Delivered,1,43,60,1.4,Good,Normal,Customer Experience Issue,High,Investigate customer issue
ORD003564,DRV0143,2026-05-19,Ahmedabad,524896,Delivered,1,52,60,5.0,Missing,Normal,Address Issue,High,Verify delivery address
ORD003484,DRV0008,2026-03-05,Pune,678720,Failed,1,73,120,1.7,Poor,Normal,Customer Experience Issue,High,Investigate customer issue
ORD003485,DRV0245,2026-04-29,Hyderabad,725020,Delivered,1,44,60,1.1,Missing,Normal,Address Issue,High,Verify delivery address
ORD003486,DRV0237,2026-03-26,Ahmedabad,718439,Returned,3,64,120,1.3,Good,Normal,Customer Experience Issue,High,Investigate customer issue
ORD003495,DRV0106,2026-05-01,Bengaluru,631846,Delivered,1,115,60,3.8,Good,Normal,SLA Breach,High,Escalate to operations
ORD003498,DRV0044,2026-05-19,Chennai,624180,Returned,1,20,30,4.9,Missing,Normal,Address Issue,High,Verify delivery address
ORD003500,DRV0208,2026-05-29,Delhi,674570,Delivered,1,129,90,3.6,Good,Normal,SLA Breach,High,Escalate to operations
ORD003508,DRV0187,2026-05-22,Bengaluru,601521,Returned,1,40,45,5.0,Missing,Normal,Address Issue,High,Verify delivery address
ORD002219,DRV0123,2026-01-13,Hyderabad,500624,Delivered,1,89,120,4.6,Missing,Normal,Address Issue,High,Verify delivery address
ORD002221,DRV0108,2026-04-09,Mumbai,682220,Delivered,1,70,30,4.5,Good,Normal,SLA Breach,High,Escalate to operations
ORD002226,DRV0106,2026-04-20,Mumbai,657134,Delivered,3,120,60,3.9,Good,Normal,SLA Breach,High,Escalate to operations
ORD009352,DRV0071,2026-01-19,Kolkata,588395,Delivered,1,69,30,1.8,Good,Normal,SLA Breach,High,Escalate to operations
ORD009238,DRV0054,2026-03-06,Delhi,553516,Delivered,1,25,30,4.9,Missing,Normal,Address Issue,High,Verify delivery address
ORD003604,DRV0023,2026-06-17,Chennai,624081,Delivered,1,151,90,4.0,Good,Normal,SLA Breach,High,Escalate to operations
ORD003606,DRV0122,2026-02-21,Bengaluru,612375,Failed,2,87,120,4.8,Missing,Normal,Address Issue,High,Verify delivery address
ORD003616,DRV0008,2026-01-20,Ahmedabad,634271,Failed,1,112,90,2.6,Good,Normal,SLA Breach,High,Escalate to operations
ORD003627,DRV0191,2026-04-02,Pune,665866,Delivered,1,24,30,1.3,Good,Normal,Customer Experience Issue,High,Investigate customer issue
ORD003630,DRV0009,2026-06-27,Pune,623409,Delivered,1,46,60,4.4,Missing,Normal,Address Issue,High,Verify delivery address
ORD002161,DRV0248,2026-04-11,Kolkata,602942,Returned,1,110,45,3.3,Poor,Normal,SLA Breach,High,Escalate to operations
ORD002170,DRV0085,2026-04-13,Ahmedabad,640640,Returned,2,75,60,3.2,Good,Normal,SLA Breach,High,Escalate to operations
ORD002176,DRV0199,2026-03-10,Bengaluru,595206,Delivered,1,136,60,4.4,Good,Normal,SLA Breach,High,Escalate to operations
ORD002183,DRV0103,2026-04-15,Delhi,598723,Delivered,1,115,30,2.6,Good,Normal,SLA Breach,High,Escalate to operations
ORD002211,DRV0039,2026-01-19,Pune,605793,Failed,1,84,90,3.4,Missing,Normal,Address Issue,High,Verify delivery address
ORD003516,DRV0056,2026-05-21,Ahmedabad,744200,Returned,1,80,90,3.4,Missing,Normal,Address Issue,High,Verify delivery address
ORD003521,DRV0009,2026-04-10,Delhi,708569,Failed,1,24,45,1.4,Good,Normal,Customer Experience Issue,High,Investigate customer issue
ORD003526,DRV0224,2026-04-04,Bengaluru,589417,Delivered,1,26,30,1.3,Good,Normal,Customer Experience Issue,High,Investigate customer issue
ORD003534,DRV0192,2026-03-07,Pune,587555,Delivered,1,151,120,3.0,Good,Normal,SLA Breach,High,Escalate to operations
ORD003647,DRV0183,2026-02-01,Delhi,659845,Delivered,1,128,60,3.8,Good,Normal,SLA Breach,High,Escalate to operations
ORD003650,DRV0053,2026-03-20,Pune,741674,Failed,1,52,60,1.1,Good,Normal,Customer Experience Issue,High,Investigate customer issue
ORD003651,DRV0060,2026-06-22,Delhi,561626,Delivered,1,145,120,3.8,Good,Normal,SLA Breach,High,Escalate to operations
ORD003654,DRV0220,2026-05-25,Pune,658196,Failed,1,86,60,4.3,Good,Normal,SLA Breach,High,Escalate to operations
ORD003661,DRV0093,2026-02-14,Pune,658321,Delivered,1,94,120,4.9,Missing,Normal,Address Issue,High,Verify delivery address
ORD003689,DRV0159,2026-04-22,Chennai,651710,Delivered,1,74,45,3.0,Good,Normal,SLA Breach,High,Escalate to operations
ORD003699,DRV0158,2026-06-02,Delhi,651535,Delivered,1,82,120,4.1,Missing,Normal,Address Issue,High,Verify delivery address
ORD003591,DRV0104,2026-01-06,Ahmedabad,567790,Returned,1,55,90,1.8,Poor,Normal,Customer Experience Issue,High,Investigate customer issue
ORD000334,DRV0043,2026-02-02,Delhi,640909,Returned,2,20,30,1.3,Good,Normal,Customer Experience Issue,High,Investigate customer issue
ORD000342,DRV0002,2026-01-07,Kolkata,622157,Failed,1,93,30,1.3,Good,Normal,SLA Breach,High,Escalate to operations
ORD009308,DRV0034,2026-05-25,Delhi,566651,Delivered,1,45,90,1.8,Good,Normal,Customer Experience Issue,High,Investigate customer issue
ORD009317,DRV0201,2026-03-17,Delhi,767459,Delivered,1,30,60,3.0,Missing,Normal,Address Issue,High,Verify delivery address
ORD009325,DRV0239,2026-01-07,Chennai,557677,Delivered,1,37,45,4.3,Missing,Normal,Address Issue,High,Verify delivery address
ORD009328,DRV0250,2026-06-04,Mumbai,511147,Delivered,1,55,60,3.9,Missing,Normal,Address Issue,High,Verify delivery address
ORD009344,DRV0220,2026-01-21,Mumbai,589716,Delivered,1,118,60,3.3,Good,Normal,SLA Breach,High,Escalate to operations
ORD009349,DRV0013,2026-05-23,Bengaluru,764683,Delivered,1,98,120,3.8,Missing,Normal,Address Issue,High,Verify delivery address
ORD000400,DRV0058,2026-06-05,Pune,660148,Returned,3,113,60,2.8,Good,Normal,SLA Breach,High,Escalate to operations
ORD000403,DRV0164,2026-03-12,Delhi,636916,Returned,1,98,60,2.6,Good,Normal,SLA Breach,High,Escalate to operations
ORD003700,DRV0107,2026-04-22,Delhi,692938,Delivered,1,88,30,2.7,Good,Normal,SLA Breach,High,Escalate to operations
ORD003708,DRV0164,2026-01-04,Bengaluru,649717,Delivered,2,79,45,4.6,Good,Normal,SLA Breach,High,Escalate to operations
ORD003711,DRV0236,2026-05-22,Bengaluru,600339,Delivered,1,53,60,3.8,Missing,Normal,Address Issue,High,Verify delivery address
ORD003715,DRV0068,2026-03-18,Mumbai,621736,Delivered,1,106,90,3.4,Good,Normal,SLA Breach,High,Escalate to operations
ORD003720,DRV0194,2026-05-28,Mumbai,712368,Returned,1,131,60,4.2,Good,Normal,SLA Breach,High,Escalate to operations
ORD003731,DRV0011,2026-02-24,Hyderabad,750609,Returned,1,76,90,1.6,Good,Normal,Customer Experience Issue,High,Investigate customer issue
ORD003735,DRV0013,2026-05-19,Bengaluru,542922,Delivered,1,129,45,3.6,Good,Normal,SLA Breach,High,Escalate to operations
ORD003740,DRV0002,2026-04-14,Bengaluru,643699,Delivered,2,109,120,2.7,Missing,Normal,Address Issue,High,Verify delivery address
ORD003747,DRV0117,2026-04-10,Kolkata,544866,Failed,2,133,45,4.2,Good,Normal,SLA Breach,High,Escalate to operations
ORD003751,DRV0197,2026-03-20,Mumbai,773727,Delivered,1,161,90,3.8,Poor,Normal,SLA Breach,High,Escalate to operations
ORD003639,DRV0116,2026-03-10,Bengaluru,514314,Delivered,1,74,60,3.7,Good,Normal,SLA Breach,High,Escalate to operations
ORD003641,DRV0154,2026-06-14,Kolkata,572177,Delivered,1,100,45,3.9,Poor,Normal,SLA Breach,High,Escalate to operations
ORD003643,DRV0137,2026-06-18,Delhi,529021,Failed,1,167,90,4.7,Poor,Normal,SLA Breach,High,Escalate to operations
ORD003644,DRV0067,2026-06-04,Hyderabad,544582,Delivered,1,84,60,4.8,Poor,Normal,SLA Breach,High,Escalate to operations
ORD002107,DRV0012,2026-04-01,Chennai,794377,Returned,1,27,45,4.1,Missing,Normal,Address Issue,High,Verify delivery address
ORD002116,DRV0037,2026-03-17,Delhi,733405,Returned,1,27,45,2.0,Good,Normal,Customer Experience Issue,High,Investigate customer issue
ORD002117,DRV0184,2026-03-01,Delhi,665217,Delivered,1,25,30,3.5,Missing,Anomaly,Address Issue,High,Verify delivery address
ORD002121,DRV0009,2026-03-14,Ahmedabad,522977,Delivered,1,57,90,1.8,Good,Normal,Customer Experience Issue,High,Investigate customer issue
ORD002127,DRV0100,2026-01-09,Bengaluru,531103,Delivered,3,96,120,1.5,Good,Normal,Customer Experience Issue,High,Investigate customer issue
ORD002131,DRV0084,2026-02-25,Hyderabad,584242,Returned,1,16,30,1.0,Good,Normal,Customer Experience Issue,High,Investigate customer issue
ORD002141,DRV0058,2026-02-16,Hyderabad,599114,Delivered,1,25,45,3.8,Missing,Normal,Address Issue,High,Verify delivery address
ORD002147,DRV0085,2026-01-14,Pune,550318,Failed,1,55,90,2.2,Good,Normal,Customer Experience Issue,High,Investigate customer issue
ORD002153,DRV0107,2026-01-13,Delhi,713468,Delivered,1,25,30,3.3,Missing,Normal,Address Issue,High,Verify delivery address
ORD009254,DRV0232,2026-02-13,Kolkata,579947,Failed,1,27,45,1.4,Good,Normal,Customer Experience Issue,High,Investigate customer issue
ORD009284,DRV0088,2026-02-14,Hyderabad,573728,Delivered,1,32,60,2.2,Poor,Normal,Customer Experience Issue,High,Investigate customer issue
ORD009297,DRV0186,2026-02-14,Delhi,542522,Returned,2,175,120,2.7,Good,Normal,SLA Breach,High,Escalate to operations
ORD009301,DRV0144,2026-05-19,Pune,690557,Delivered,1,56,30,3.3,Good,Normal,SLA Breach,High,Escalate to operations
ORD000375,DRV0181,2026-04-21,Hyderabad,586506,Failed,2,23,45,3.9,Missing,Normal,Address Issue,High,Verify delivery address
ORD000382,DRV0193,2026-01-22,Bengaluru,680245,Failed,1,74,120,1.2,Poor,Normal,Customer Experience Issue,High,Investigate customer issue
ORD000392,DRV0072,2026-06-28,Ahmedabad,551494,Delivered,6,161,90,1.5,Good,Normal,SLA Breach,High,Escalate to operations
ORD003852,DRV0151,2026-03-11,Chennai,672757,Returned,1,38,45,2.2,Good,Normal,Customer Experience Issue,High,Investigate customer issue
ORD003855,DRV0176,2026-05-16,Kolkata,775748,Returned,1,40,60,4.9,Missing,Normal,Address Issue,High,Verify delivery address
ORD003857,DRV0190,2026-04-10,Ahmedabad,554166,Returned,2,28,30,3.0,Missing,Normal,Address Issue,High,Verify delivery address
ORD003869,DRV0102,2026-02-20,Delhi,532901,Delivered,2,26,30,1.5,Good,Normal,Customer Experience Issue,High,Investigate customer issue
ORD003903,DRV0033,2026-02-22,Mumbai,787292,Delivered,1,97,30,3.5,Poor,Normal,SLA Breach,High,Escalate to operations
ORD003908,DRV0080,2026-06-10,Hyderabad,753744,Delivered,1,33,60,1.3,Missing,Normal,Address Issue,High,Verify delivery address
ORD003916,DRV0011,2026-05-29,Kolkata,501436,Delivered,1,62,30,3.6,Missing,Normal,Address Issue,High,Verify delivery address
ORD003932,DRV0099,2026-06-30,Delhi,655197,Delivered,2,48,60,1.0,Good,Normal,Customer Experience Issue,High,Investigate customer issue
ORD003755,DRV0191,2026-06-03,Pune,704723,Delivered,1,20,30,2.2,Good,Normal,Customer Experience Issue,High,Investigate customer issue
ORD003756,DRV0198,2026-01-03,Chennai,688733,Returned,2,36,60,3.0,Missing,Anomaly,Address Issue,High,Verify delivery address
ORD003760,DRV0072,2026-05-18,Hyderabad,754530,Failed,1,42,45,3.4,Missing,Normal,Address Issue,High,Verify delivery address
ORD003773,DRV0216,2026-01-22,Pune,634702,Delivered,1,84,30,2.8,Good,Normal,SLA Breach,High,Escalate to operations
ORD003780,DRV0243,2026-01-30,Chennai,692076,Failed,1,83,90,4.4,Missing,Normal,Address Issue,High,Verify delivery address
ORD003791,DRV0047,2026-03-06,Mumbai,638739,Delivered,3,146,120,1.5,Good,Normal,SLA Breach,High,Escalate to operations
ORD003806,DRV0012,2026-02-19,Chennai,740160,Delivered,1,84,45,2.7,Good,Normal,SLA Breach,High,Escalate to operations
ORD003831,DRV0219,2026-01-06,Delhi,680322,Returned,2,35,45,4.6,Missing,Normal,Address Issue,High,Verify delivery address
ORD003936,DRV0132,2026-01-31,Hyderabad,513835,Failed,2,35,45,2.7,Missing,Normal,Address Issue,High,Verify delivery address
ORD003963,DRV0206,2026-01-16,Bengaluru,535367,Delivered,1,152,90,4.2,Missing,Normal,Address Issue,High,Verify delivery address
ORD003988,DRV0056,2026-04-02,Bengaluru,711100,Failed,2,31,45,1.5,Good,Normal,Customer Experience Issue,High,Investigate customer issue
ORD003997,DRV0227,2026-04-22,Bengaluru,778842,Failed,1,71,120,4.3,Missing,Normal,Address Issue,High,Verify delivery address
ORD000412,DRV0200,2026-05-05,Bengaluru,674393,Returned,3,50,60,2.1,Good,Normal,Customer Experience Issue,High,Investigate customer issue
ORD000443,DRV0049,2026-04-11,Bengaluru,613030,Delivered,2,67,45,4.5,Good,Normal,SLA Breach,High,Escalate to operations
ORD000452,DRV0069,2026-03-15,Chennai,631366,Delivered,2,126,60,5.0,Poor,Normal,SLA Breach,High,Escalate to operations
ORD009165,DRV0224,2026-06-11,Chennai,528432,Returned,2,26,45,4.1,Missing,Normal,Address Issue,High,Verify delivery address
ORD009195,DRV0029,2026-03-04,Kolkata,554828,Failed,1,36,45,1.8,Good,Normal,Customer Experience Issue,High,Investigate customer issue
ORD009208,DRV0157,2026-03-24,Hyderabad,657691,Delivered,2,69,90,4.6,Missing,Normal,Address Issue,High,Verify delivery address
ORD009210,DRV0109,2026-06-19,Kolkata,725986,Failed,2,125,90,3.5,Poor,Normal,SLA Breach,High,Escalate to operations
ORD009236,DRV0062,2026-03-21,Kolkata,733724,Delivered,2,78,60,4.1,Poor,Normal,SLA Breach,High,Escalate to operations
ORD009058,DRV0210,2026-04-21,Kolkata,504762,Delivered,1,104,120,3.7,Missing,Normal,Address Issue,High,Verify delivery address
ORD009081,DRV0039,2026-02-07,Pune,666997,Delivered,1,85,120,4.2,Missing,Normal,Address Issue,High,Verify delivery address
ORD009082,DRV0197,2026-06-12,Chennai,711118,Returned,1,93,45,4.9,Good,Normal,SLA Breach,High,Escalate to operations
ORD003844,DRV0040,2026-06-08,Kolkata,528356,Delivered,1,28,45,1.3,Good,Normal,Customer Experience Issue,High,Investigate customer issue
ORD004051,DRV0022,2026-04-02,Pune,698681,Delivered,1,109,30,5.0,Good,Normal,SLA Breach,High,Escalate to operations
ORD004066,DRV0127,2026-05-04,Ahmedabad,632703,Delivered,2,48,60,3.3,Missing,Normal,Address Issue,High,Verify delivery address
ORD004071,DRV0221,2026-03-06,Delhi,685717,Returned,1,47,90,1.7,Good,Normal,Customer Experience Issue,High,Investigate customer issue
ORD004080,DRV0197,2026-01-11,Pune,645838,Returned,2,117,60,2.9,Good,Normal,SLA Breach,High,Escalate to operations
ORD004082,DRV0241,2026-02-03,Chennai,778867,Returned,1,50,30,4.0,Good,Normal,SLA Breach,High,Escalate to operations
ORD004086,DRV0031,2026-01-04,Hyderabad,572327,Delivered,1,55,90,4.6,Missing,Normal,Address Issue,High,Verify delivery address
ORD002045,DRV0047,2026-04-20,Ahmedabad,750800,Returned,1,107,60,3.9,Good,Normal,SLA Breach,High,Escalate to operations
ORD002047,DRV0096,2026-05-17,Pune,771093,Returned,1,15,30,4.7,Missing,Normal,Address Issue,High,Verify delivery address
ORD002049,DRV0224,2026-02-14,Bengaluru,687886,Delivered,2,27,30,3.3,Missing,Normal,Address Issue,High,Verify delivery address
ORD002050,DRV0035,2026-03-09,Kolkata,586040,Returned,2,17,30,2.2,Good,Normal,Customer Experience Issue,High,Investigate customer issue
ORD002055,DRV0167,2026-03-28,Ahmedabad,576358,Delivered,2,16,30,1.7,Good,Normal,Customer Experience Issue,High,Investigate customer issue
ORD002059,DRV0206,2026-06-05,Bengaluru,702912,Delivered,2,40,60,1.9,Good,Normal,Customer Experience Issue,High,Investigate customer issue
ORD002079,DRV0113,2026-03-26,Bengaluru,510247,Returned,1,69,90,4.2,Missing,Normal,Address Issue,High,Verify delivery address
ORD002085,DRV0121,2026-06-07,Ahmedabad,538088,Delivered,1,175,120,3.7,Good,Normal,SLA Breach,High,Escalate to operations
ORD002086,DRV0117,2026-05-26,Bengaluru,738273,Delivered,1,192,120,3.9,Good,Normal,SLA Breach,High,Escalate to operations
ORD002087,DRV0242,2026-02-03,Bengaluru,726289,Returned,2,144,60,2.7,Poor,Normal,SLA Breach,High,Escalate to operations
ORD004154,DRV0010,2026-03-15,Chennai,598886,Returned,1,134,45,4.4,Good,Normal,SLA Breach,High,Escalate to operations
ORD004006,DRV0019,2026-05-22,Pune,646524,Returned,1,27,45,4.9,Missing,Normal,Address Issue,High,Verify delivery address
ORD004010,DRV0194,2026-06-04,Delhi,505146,Delivered,1,32,60,1.9,Good,Normal,Customer Experience Issue,High,Investigate customer issue
ORD009098,DRV0062,2026-02-25,Ahmedabad,671209,Delivered,2,60,120,2.5,Missing,Normal,Address Issue,High,Verify delivery address
ORD009126,DRV0219,2026-04-20,Pune,602785,Returned,2,51,60,4.4,Missing,Normal,Address Issue,High,Verify delivery address
ORD009132,DRV0110,2026-03-02,Ahmedabad,603939,Failed,1,90,120,2.0,Poor,Normal,Customer Experience Issue,High,Investigate customer issue
ORD009134,DRV0092,2026-02-18,Bengaluru,726971,Failed,2,38,45,3.2,Missing,Normal,Address Issue,High,Verify delivery address
ORD009140,DRV0184,2026-02-09,Bengaluru,766616,Delivered,1,129,90,3.1,Good,Normal,SLA Breach,High,Escalate to operations
ORD009144,DRV0150,2026-05-18,Kolkata,604400,Delivered,1,111,90,2.6,Good,Normal,SLA Breach,High,Escalate to operations
ORD009162,DRV0012,2026-03-20,Delhi,549013,Delivered,1,39,45,2.8,Missing,Anomaly,Address Issue,High,Verify delivery address
ORD000454,DRV0178,2026-04-08,Hyderabad,703190,Delivered,3,93,60,3.4,Good,Normal,SLA Breach,High,Escalate to operations
ORD000464,DRV0132,2026-01-25,Bengaluru,587763,Failed,1,18,30,2.9,Missing,Normal,Address Issue,High,Verify delivery address
ORD000477,DRV0085,2026-06-27,Pune,579898,Failed,1,43,60,2.8,Missing,Normal,Address Issue,High,Verify delivery address
ORD000487,DRV0149,2026-04-07,Chennai,698452,Delivered,1,95,30,4.2,Good,Normal,SLA Breach,High,Escalate to operations
ORD000490,DRV0041,2026-06-04,Delhi,562039,Returned,1,53,60,3.6,Missing,Normal,Address Issue,High,Verify delivery address
ORD004012,DRV0182,2026-06-23,Mumbai,590433,Delivered,1,67,120,1.4,Good,Normal,Customer Experience Issue,High,Investigate customer issue
ORD004200,DRV0242,2026-03-11,Chennai,631376,Failed,2,30,60,1.3,Good,Normal,Customer Experience Issue,High,Investigate customer issue
ORD004205,DRV0199,2026-02-10,Chennai,514576,Delivered,1,23,30,3.8,Missing,Normal,Address Issue,High,Verify delivery address
ORD004222,DRV0224,2026-02-13,Pune,726655,Delivered,1,17,30,1.5,Missing,Normal,Address Issue,High,Verify delivery address
ORD004224,DRV0243,2026-04-03,Hyderabad,603487,Delivered,1,54,60,4.1,Missing,Normal,Address Issue,High,Verify delivery address
ORD004229,DRV0128,2026-04-24,Chennai,587555,Delivered,1,116,90,4.3,Good,Normal,SLA Breach,High,Escalate to operations
ORD004100,DRV0078,2026-01-12,Delhi,655543,Failed,2,166,90,4.6,Good,Normal,SLA Breach,High,Escalate to operations
ORD004108,DRV0138,2026-02-25,Delhi,738296,Delivered,1,30,45,2.8,Missing,Normal,Address Issue,High,Verify delivery address
ORD004114,DRV0142,2026-04-28,Delhi,765262,Failed,1,67,120,1.1,Good,Normal,Customer Experience Issue,High,Investigate customer issue
ORD004115,DRV0037,2026-02-16,Pune,678477,Delivered,1,24,30,3.0,Missing,Normal,Address Issue,High,Verify delivery address
ORD004120,DRV0064,2026-01-09,Ahmedabad,526676,Delivered,1,67,30,3.8,Good,Normal,SLA Breach,High,Escalate to operations
ORD004129,DRV0100,2026-03-17,Hyderabad,665491,Delivered,1,134,45,3.0,Good,Normal,SLA Breach,High,Escalate to operations
ORD004131,DRV0185,2026-04-09,Kolkata,710171,Delivered,1,140,90,5.0,Poor,Normal,SLA Breach,High,Escalate to operations
ORD004142,DRV0071,2026-04-16,Mumbai,739840,Delivered,1,166,120,3.6,Good,Normal,SLA Breach,High,Escalate to operations
ORD004143,DRV0240,2026-05-27,Ahmedabad,786369,Delivered,1,111,90,3.6,Good,Normal,SLA Breach,High,Escalate to operations
ORD004144,DRV0090,2026-04-19,Kolkata,726506,Delivered,1,39,45,1.2,Poor,Normal,Customer Experience Issue,High,Investigate customer issue
ORD004145,DRV0182,2026-06-20,Kolkata,631248,Delivered,1,69,120,1.5,Good,Normal,Customer Experience Issue,High,Investigate customer issue
ORD004288,DRV0037,2026-02-27,Hyderabad,771060,Delivered,1,117,90,4.6,Good,Normal,SLA Breach,High,Escalate to operations
ORD004306,DRV0004,2026-04-23,Kolkata,647556,Returned,1,114,30,3.9,Good,Normal,SLA Breach,High,Escalate to operations
ORD001950,DRV0238,2026-01-08,Chennai,670824,Delivered,1,96,120,3.7,Missing,Normal,Address Issue,High,Verify delivery address
ORD001957,DRV0195,2026-01-29,Ahmedabad,612321,Delivered,6,97,60,3.0,Poor,Normal,SLA Breach,High,Escalate to operations
ORD001961,DRV0237,2026-01-11,Hyderabad,605903,Delivered,1,92,60,4.0,Good,Normal,SLA Breach,High,Escalate to operations
ORD001972,DRV0237,2026-01-03,Delhi,671253,Delivered,1,42,60,1.2,Good,Normal,Customer Experience Issue,High,Investigate customer issue
ORD001981,DRV0032,2026-06-07,Hyderabad,690414,Delivered,3,109,120,1.8,Good,Normal,Customer Experience Issue,High,Investigate customer issue
ORD001994,DRV0135,2026-02-05,Mumbai,749038,Delivered,1,42,60,4.0,Missing,Normal,Address Issue,High,Verify delivery address
ORD002034,DRV0217,2026-04-03,Ahmedabad,629182,Returned,5,20,30,3.7,Missing,Normal,Address Issue,High,Verify delivery address
ORD002035,DRV0122,2026-04-19,Bengaluru,532436,Delivered,2,195,120,3.1,Poor,Normal,SLA Breach,High,Escalate to operations
ORD002037,DRV0084,2026-06-03,Delhi,529261,Delivered,1,45,30,3.8,Poor,Normal,SLA Breach,High,Escalate to operations
ORD004167,DRV0213,2026-06-04,Chennai,522754,Delivered,1,76,30,3.6,Poor,Normal,SLA Breach,High,Escalate to operations
ORD004178,DRV0043,2026-04-29,Pune,514580,Delivered,1,119,90,2.6,Good,Normal,SLA Breach,High,Escalate to operations
ORD004188,DRV0032,2026-06-08,Hyderabad,605023,Delivered,1,31,45,2.9,Missing,Normal,Address Issue,High,Verify delivery address
ORD004196,DRV0054,2026-03-25,Chennai,734842,Returned,2,101,90,3.6,Good,Normal,SLA Breach,High,Escalate to operations
ORD004199,DRV0023,2026-04-07,Hyderabad,769065,Delivered,1,84,120,3.4,Missing,Normal,Address Issue,High,Verify delivery address
ORD009049,DRV0078,2026-06-19,Delhi,753577,Delivered,1,94,60,3.0,Good,Normal,SLA Breach,High,Escalate to operations
ORD004329,DRV0190,2026-01-22,Mumbai,799711,Delivered,2,76,30,4.4,Good,Normal,SLA Breach,High,Escalate to operations
ORD004341,DRV0168,2026-05-09,Chennai,541210,Delivered,1,187,120,5.0,Missing,Normal,Address Issue,High,Verify delivery address
ORD004345,DRV0008,2026-05-06,Mumbai,689386,Delivered,1,25,45,1.1,Good,Normal,Customer Experience Issue,High,Investigate customer issue
ORD004353,DRV0228,2026-05-25,Chennai,659866,Failed,2,109,120,3.5,Missing,Normal,Address Issue,High,Verify delivery address
ORD004354,DRV0172,2026-03-23,Pune,740133,Delivered,2,70,90,2.0,Good,Normal,Customer Experience Issue,High,Investigate customer issue
ORD004356,DRV0179,2026-06-02,Delhi,681759,Returned,1,77,90,3.0,Missing,Normal,Address Issue,High,Verify delivery address
ORD001888,DRV0186,2026-04-09,Ahmedabad,525005,Delivered,1,158,120,4.7,Good,Normal,SLA Breach,High,Escalate to operations
ORD001922,DRV0058,2026-05-24,Bengaluru,705111,Delivered,1,78,90,2.9,Missing,Normal,Address Issue,High,Verify delivery address
ORD001936,DRV0086,2026-02-04,Hyderabad,503280,Delivered,1,124,60,4.9,Good,Normal,SLA Breach,High,Escalate to operations
ORD001941,DRV0192,2026-02-03,Hyderabad,692043,Failed,3,33,45,4.0,Missing,Normal,Address Issue,High,Verify delivery address
ORD004246,DRV0082,2026-06-23,Kolkata,681824,Delivered,1,64,120,2.6,Missing,Normal,Address Issue,High,Verify delivery address
ORD004255,DRV0061,2026-04-04,Bengaluru,539108,Delivered,1,21,30,2.6,Missing,Normal,Address Issue,High,Verify delivery address
ORD004260,DRV0087,2026-05-23,Ahmedabad,589923,Delivered,1,109,45,3.3,Good,Normal,SLA Breach,High,Escalate to operations
ORD004266,DRV0082,2026-02-05,Hyderabad,600144,Delivered,1,107,30,2.7,Good,Normal,SLA Breach,High,Escalate to operations
ORD004276,DRV0155,2026-06-22,Pune,780748,Delivered,1,76,60,3.8,Good,Normal,SLA Breach,High,Escalate to operations
ORD004312,DRV0152,2026-06-04,Pune,687819,Delivered,1,49,60,1.4,Poor,Normal,Customer Experience Issue,High,Investigate customer issue
ORD004314,DRV0037,2026-05-30,Mumbai,503095,Delivered,1,35,60,1.6,Good,Normal,Customer Experience Issue,High,Investigate customer issue
ORD004320,DRV0151,2026-06-25,Chennai,546033,Delivered,2,45,60,4.3,Missing,Normal,Address Issue,High,Verify delivery address
ORD004327,DRV0096,2026-06-05,Kolkata,711859,Delivered,1,17,30,2.3,Good,Normal,Customer Experience Issue,High,Investigate customer issue
ORD000491,DRV0173,2026-05-03,Ahmedabad,610469,Failed,1,106,90,3.4,Good,Normal,SLA Breach,High,Escalate to operations
ORD000492,DRV0033,2026-02-04,Chennai,768772,Delivered,2,77,45,4.3,Good,Normal,SLA Breach,High,Escalate to operations
ORD000494,DRV0056,2026-06-05,Ahmedabad,747156,Delivered,1,138,90,2.8,Good,Normal,SLA Breach,High,Escalate to operations
ORD000502,DRV0177,2026-04-15,Delhi,689933,Delivered,1,132,120,4.6,Good,Normal,SLA Breach,High,Escalate to operations
ORD008976,DRV0218,2026-03-13,Ahmedabad,767384,Failed,1,98,30,3.9,Poor,Normal,SLA Breach,High,Escalate to operations
ORD008977,DRV0165,2026-04-01,Mumbai,719794,Delivered,1,49,90,1.6,Poor,Normal,Customer Experience Issue,High,Investigate customer issue
ORD008980,DRV0216,2026-06-19,Pune,783123,Failed,1,26,45,2.8,Missing,Normal,Address Issue,High,Verify delivery address
ORD009003,DRV0231,2026-02-09,Hyderabad,606825,Delivered,1,110,60,4.7,Good,Normal,SLA Breach,High,Escalate to operations
ORD009004,DRV0069,2026-01-11,Hyderabad,704048,Delivered,1,22,30,2.2,Good,Normal,Customer Experience Issue,High,Investigate customer issue
ORD009011,DRV0107,2026-02-20,Pune,574759,Returned,1,101,60,4.2,Good,Normal,SLA Breach,High,Escalate to operations
ORD009035,DRV0092,2026-05-21,Bengaluru,564493,Delivered,2,86,60,3.5,Poor,Normal,SLA Breach,High,Escalate to operations
ORD009045,DRV0176,2026-05-14,Chennai,716834,Delivered,2,79,45,4.5,Good,Normal,SLA Breach,High,Escalate to operations
ORD001876,DRV0088,2026-05-21,Hyderabad,577197,Delivered,1,47,60,2.8,Missing,Normal,Address Issue,High,Verify delivery address
ORD001883,DRV0211,2026-01-13,Hyderabad,534719,Delivered,1,101,120,1.1,Good,Normal,Customer Experience Issue,High,Investigate customer issue
ORD001886,DRV0005,2026-04-23,Ahmedabad,732099,Failed,1,23,45,1.5,Good,Normal,Customer Experience Issue,High,Investigate customer issue
ORD004456,DRV0094,2026-03-28,Kolkata,751278,Delivered,1,160,90,2.6,Good,Normal,SLA Breach,High,Escalate to operations
ORD004485,DRV0234,2026-03-02,Bengaluru,634934,Delivered,1,118,90,4.3,Good,Normal,SLA Breach,High,Escalate to operations
ORD004490,DRV0058,2026-04-24,Kolkata,792511,Returned,1,41,60,3.9,Missing,Normal,Address Issue,High,Verify delivery address
ORD004503,DRV0142,2026-02-04,Bengaluru,710685,Failed,1,188,120,4.8,Good,Normal,SLA Breach,High,Escalate to operations
ORD004510,DRV0102,2026-01-14,Chennai,739619,Delivered,1,110,120,2.7,Missing,Normal,Address Issue,High,Verify delivery address
ORD004514,DRV0218,2026-03-19,Hyderabad,623271,Failed,1,63,90,3.5,Missing,Normal,Address Issue,High,Verify delivery address
ORD004388,DRV0153,2026-03-10,Chennai,747542,Returned,2,65,90,3.3,Missing,Anomaly,Address Issue,High,Verify delivery address
ORD004403,DRV0144,2026-06-27,Ahmedabad,597213,Delivered,1,72,120,3.9,Missing,Normal,Address Issue,High,Verify delivery address
ORD004413,DRV0102,2026-06-20,Ahmedabad,611918,Delivered,1,57,90,3.5,Missing,Normal,Address Issue,High,Verify delivery address
ORD004436,DRV0040,2026-05-15,Delhi,510044,Delivered,1,23,30,1.3,Good,Normal,Customer Experience Issue,High,Investigate customer issue
ORD004439,DRV0086,2026-03-22,Hyderabad,561823,Failed,1,36,45,3.6,Missing,Normal,Address Issue,High,Verify delivery address
ORD004442,DRV0052,2026-04-02,Pune,706823,Failed,1,104,120,4.8,Missing,Normal,Address Issue,High,Verify delivery address
ORD004448,DRV0124,2026-04-06,Ahmedabad,569415,Returned,2,143,90,4.7,Good,Normal,SLA Breach,High,Escalate to operations
ORD004569,DRV0239,2026-05-04,Chennai,585557,Failed,1,148,120,3.8,Good,Normal,SLA Breach,High,Escalate to operations
ORD004588,DRV0244,2026-05-28,Ahmedabad,577540,Delivered,2,55,90,3.1,Missing,Normal,Address Issue,High,Verify delivery address
ORD004595,DRV0207,2026-05-10,Pune,681589,Returned,2,107,90,4.0,Good,Normal,SLA Breach,High,Escalate to operations
ORD001857,DRV0134,2026-01-11,Kolkata,692327,Returned,1,78,60,3.0,Good,Normal,SLA Breach,High,Escalate to operations
ORD008904,DRV0086,2026-04-09,Delhi,799198,Delivered,2,38,45,3.4,Missing,Normal,Address Issue,High,Verify delivery address
ORD008908,DRV0179,2026-04-20,Chennai,535611,Delivered,1,57,60,4.1,Missing,Normal,Address Issue,High,Verify delivery address
ORD008920,DRV0204,2026-04-26,Pune,695952,Returned,2,92,60,4.9,Good,Normal,SLA Breach,High,Escalate to operations
ORD008925,DRV0022,2026-06-25,Hyderabad,734262,Delivered,3,17,30,2.4,Poor,Normal,Customer Experience Issue,High,Investigate customer issue
ORD008946,DRV0111,2026-05-06,Hyderabad,655592,Failed,1,73,120,2.9,Missing,Normal,Address Issue,High,Verify delivery address
ORD008956,DRV0121,2026-03-01,Mumbai,772899,Delivered,1,113,120,1.2,Good,Normal,Customer Experience Issue,High,Investigate customer issue
ORD000509,DRV0113,2026-02-21,Hyderabad,771661,Delivered,1,137,120,4.2,Poor,Normal,SLA Breach,High,Escalate to operations
ORD000527,DRV0148,2026-01-26,Mumbai,641531,Delivered,1,57,90,4.5,Missing,Normal,Address Issue,High,Verify delivery address
ORD000535,DRV0228,2026-04-03,Ahmedabad,773120,Delivered,1,22,45,3.4,Missing,Normal,Address Issue,High,Verify delivery address
ORD000541,DRV0162,2026-05-15,Kolkata,779856,Delivered,2,142,90,3.5,Good,Normal,SLA Breach,High,Escalate to operations
ORD001863,DRV0075,2026-01-30,Hyderabad,626930,Delivered,2,74,30,1.1,Poor,Normal,SLA Breach,High,Escalate to operations
ORD001875,DRV0212,2026-03-30,Hyderabad,713632,Returned,1,40,45,3.4,Missing,Normal,Address Issue,High,Verify delivery address
ORD008888,DRV0113,2026-05-29,Delhi,772320,Delivered,1,22,30,2.2,Poor,Normal,Customer Experience Issue,High,Investigate customer issue
ORD008892,DRV0028,2026-04-06,Pune,755352,Delivered,1,59,90,3.8,Missing,Normal,Address Issue,High,Verify delivery address
ORD008893,DRV0241,2026-04-04,Hyderabad,525386,Returned,1,33,60,4.9,Missing,Normal,Address Issue,High,Verify delivery address
ORD008894,DRV0046,2026-04-29,Pune,538977,Failed,1,27,30,2.1,Good,Normal,Customer Experience Issue,High,Investigate customer issue
ORD008895,DRV0007,2026-01-01,Mumbai,527411,Delivered,1,55,45,3.5,Missing,Normal,Address Issue,High,Verify delivery address
ORD008776,DRV0200,2026-03-18,Bengaluru,517686,Delivered,1,57,60,3.2,Missing,Normal,Address Issue,High,Verify delivery address
ORD001808,DRV0110,2026-04-02,Delhi,737164,Failed,1,40,30,3.7,Good,Normal,SLA Breach,High,Escalate to operations
ORD001811,DRV0009,2026-02-22,Bengaluru,692226,Returned,2,94,60,4.2,Good,Normal,SLA Breach,High,Escalate to operations
ORD001825,DRV0202,2026-02-08,Hyderabad,685250,Delivered,1,27,30,1.3,Poor,Normal,Customer Experience Issue,High,Investigate customer issue
ORD004615,DRV0172,2026-05-10,Hyderabad,762570,Delivered,1,52,60,1.5,Good,Normal,Customer Experience Issue,High,Investigate customer issue
ORD004649,DRV0086,2026-03-09,Hyderabad,637621,Delivered,1,61,90,1.1,Good,Normal,Customer Experience Issue,High,Investigate customer issue
ORD004668,DRV0235,2026-05-22,Mumbai,779975,Delivered,1,110,30,4.0,Missing,Normal,Address Issue,High,Verify delivery address
ORD004538,DRV0095,2026-04-25,Pune,748934,Delivered,2,205,120,4.8,Good,Normal,SLA Breach,High,Escalate to operations
ORD004539,DRV0135,2026-03-03,Delhi,568578,Returned,1,64,45,2.9,Good,Normal,SLA Breach,High,Escalate to operations
ORD004541,DRV0134,2026-02-25,Kolkata,717194,Returned,2,40,45,3.9,Missing,Normal,Address Issue,High,Verify delivery address
ORD004552,DRV0219,2026-03-30,Hyderabad,560275,Delivered,1,54,90,4.8,Missing,Normal,Address Issue,High,Verify delivery address
ORD004706,DRV0103,2026-01-26,Mumbai,750269,Delivered,1,90,30,4.8,Good,Normal,SLA Breach,High,Escalate to operations
ORD004712,DRV0027,2026-06-16,Mumbai,519278,Delivered,1,36,45,3.3,Missing,Normal,Address Issue,High,Verify delivery address
ORD004720,DRV0026,2026-06-07,Delhi,578018,Delivered,1,102,90,4.9,Good,Normal,SLA Breach,High,Escalate to operations
ORD004730,DRV0022,2026-05-13,Bengaluru,671690,Failed,1,181,120,4.2,Good,Normal,SLA Breach,High,Escalate to operations
ORD004733,DRV0100,2026-05-10,Kolkata,526018,Delivered,2,98,120,1.9,Good,Normal,Customer Experience Issue,High,Investigate customer issue
ORD004735,DRV0190,2026-05-12,Ahmedabad,513594,Failed,3,21,30,3.6,Missing,Normal,Address Issue,High,Verify delivery address
ORD004736,DRV0023,2026-02-08,Bengaluru,561734,Delivered,2,49,60,3.6,Missing,Normal,Address Issue,High,Verify delivery address
ORD004740,DRV0168,2026-02-18,Ahmedabad,575483,Delivered,1,59,90,4.1,Missing,Normal,Address Issue,High,Verify delivery address
ORD001782,DRV0212,2026-03-30,Pune,571413,Delivered,3,128,90,4.1,Good,Normal,SLA Breach,High,Escalate to operations
ORD001792,DRV0202,2026-05-31,Bengaluru,738251,Delivered,1,96,45,3.4,Good,Normal,SLA Breach,High,Escalate to operations
ORD001807,DRV0204,2026-03-26,Kolkata,552477,Delivered,1,40,45,2.2,Good,Normal,Customer Experience Issue,High,Investigate customer issue
ORD000558,DRV0006,2026-04-02,Kolkata,570638,Delivered,2,73,90,2.6,Missing,Normal,Address Issue,High,Verify delivery address
ORD000559,DRV0139,2026-02-18,Ahmedabad,797114,Delivered,1,53,60,3.2,Missing,Normal,Address Issue,High,Verify delivery address
ORD008846,DRV0215,2026-05-17,Chennai,796852,Delivered,1,67,90,2.2,Good,Normal,Customer Experience Issue,High,Investigate customer issue
ORD008870,DRV0011,2026-03-29,Bengaluru,738077,Delivered,1,66,30,2.9,Good,Normal,SLA Breach,High,Escalate to operations
ORD008884,DRV0153,2026-03-15,Kolkata,614884,Delivered,1,180,120,3.8,Good,Normal,SLA Breach,High,Escalate to operations
ORD004796,DRV0237,2026-04-26,Mumbai,778465,Delivered,1,57,60,3.9,Missing,Normal,Address Issue,High,Verify delivery address
ORD004810,DRV0216,2026-06-15,Chennai,723545,Delivered,1,139,90,3.5,Poor,Normal,SLA Breach,High,Escalate to operations
ORD004698,DRV0236,2026-01-12,Pune,675347,Delivered,1,83,120,3.9,Missing,Normal,Address Issue,High,Verify delivery address
ORD008792,DRV0120,2026-04-09,Kolkata,501276,Delivered,1,54,30,4.6,Good,Normal,SLA Breach,High,Escalate to operations
ORD008803,DRV0083,2026-06-17,Delhi,653831,Delivered,1,88,60,2.7,Good,Normal,SLA Breach,High,Escalate to operations
ORD008812,DRV0094,2026-06-01,Ahmedabad,744709,Delivered,1,34,60,1.5,Good,Normal,Customer Experience Issue,High,Investigate customer issue
ORD008825,DRV0029,2026-04-24,Kolkata,775648,Returned,1,19,30,1.9,Good,Normal,Customer Experience Issue,High,Investigate customer issue
ORD008834,DRV0215,2026-03-27,Kolkata,509377,Delivered,1,24,45,1.8,Poor,Normal,Customer Experience Issue,High,Investigate customer issue
ORD008835,DRV0137,2026-04-27,Delhi,791722,Failed,1,77,120,4.4,Missing,Normal,Address Issue,High,Verify delivery address
ORD008838,DRV0151,2026-06-25,Hyderabad,729548,Delivered,2,85,45,3.2,Poor,Normal,SLA Breach,High,Escalate to operations
ORD008844,DRV0084,2026-04-23,Kolkata,580993,Returned,1,82,120,4.9,Missing,Normal,Address Issue,High,Verify delivery address
ORD008674,DRV0103,2026-02-05,Hyderabad,704575,Delivered,1,49,30,2.6,Good,Normal,SLA Breach,High,Escalate to operations
ORD008677,DRV0147,2026-06-29,Kolkata,525914,Failed,2,48,90,2.1,Good,Normal,Customer Experience Issue,High,Investigate customer issue
ORD008704,DRV0067,2026-06-10,Mumbai,768405,Delivered,2,17,30,3.7,Missing,Normal,Address Issue,High,Verify delivery address
ORD008714,DRV0190,2026-01-27,Bengaluru,776536,Returned,1,21,30,4.5,Missing,Normal,Address Issue,High,Verify delivery address
ORD004704,DRV0095,2026-01-22,Ahmedabad,761292,Delivered,1,85,45,4.1,Poor,Normal,SLA Breach,High,Escalate to operations
ORD004844,DRV0064,2026-05-19,Delhi,521719,Delivered,2,16,30,4.0,Missing,Anomaly,Address Issue,High,Verify delivery address
ORD004854,DRV0068,2026-03-16,Pune,547924,Delivered,2,53,60,4.6,Missing,Normal,Address Issue,High,Verify delivery address
ORD004855,DRV0197,2026-04-14,Chennai,758833,Returned,1,63,120,3.1,Missing,Anomaly,Address Issue,High,Verify delivery address
ORD004858,DRV0076,2026-01-02,Chennai,733457,Delivered,5,22,30,4.5,Missing,Normal,Address Issue,High,Verify delivery address
ORD004864,DRV0034,2026-06-04,Bengaluru,583530,Delivered,5,71,45,3.9,Poor,Normal,SLA Breach,High,Escalate to operations
ORD004876,DRV0234,2026-05-18,Bengaluru,604904,Returned,2,27,30,4.3,Missing,Normal,Address Issue,High,Verify delivery address
ORD004877,DRV0164,2026-04-22,Hyderabad,704215,Delivered,1,78,120,1.2,Good,Normal,Customer Experience Issue,High,Investigate customer issue
ORD004741,DRV0047,2026-06-23,Bengaluru,662276,Returned,1,182,120,3.1,Good,Normal,SLA Breach,High,Escalate to operations
ORD004742,DRV0113,2026-05-04,Mumbai,636788,Delivered,1,89,120,1.8,Good,Normal,Customer Experience Issue,High,Investigate customer issue
ORD004743,DRV0037,2026-01-13,Delhi,672640,Failed,1,143,60,3.8,Good,Normal,SLA Breach,High,Escalate to operations
ORD004745,DRV0150,2026-04-27,Delhi,578099,Delivered,1,21,30,4.0,Missing,Normal,Address Issue,High,Verify delivery address
ORD004747,DRV0028,2026-05-02,Hyderabad,672057,Delivered,1,17,30,2.7,Missing,Normal,Address Issue,High,Verify delivery address
ORD004764,DRV0007,2026-05-06,Mumbai,607773,Returned,1,30,45,3.0,Missing,Normal,Address Issue,High,Verify delivery address
ORD004778,DRV0005,2026-03-07,Bengaluru,642485,Delivered,1,76,120,2.1,Good,Normal,Customer Experience Issue,High,Investigate customer issue
ORD004780,DRV0160,2026-04-09,Ahmedabad,777045,Delivered,1,206,120,4.5,Good,Normal,SLA Breach,High,Escalate to operations
ORD004787,DRV0225,2026-01-26,Mumbai,520903,Returned,3,63,45,2.8,Missing,Normal,Address Issue,High,Verify delivery address
ORD001765,DRV0123,2026-01-08,Delhi,678352,Delivered,2,51,90,3.4,Missing,Normal,Address Issue,High,Verify delivery address
ORD004879,DRV0182,2026-01-10,Ahmedabad,701228,Delivered,1,37,45,3.9,Missing,Normal,Address Issue,High,Verify delivery address
ORD004886,DRV0178,2026-05-18,Chennai,689125,Delivered,1,146,60,3.7,Good,Normal,SLA Breach,High,Escalate to operations
ORD004896,DRV0229,2026-04-10,Kolkata,650556,Delivered,1,35,45,2.0,Good,Normal,Customer Experience Issue,High,Investigate customer issue
ORD004900,DRV0040,2026-03-03,Mumbai,616401,Returned,1,25,45,4.0,Missing,Normal,Address Issue,High,Verify delivery address
ORD004902,DRV0002,2026-03-21,Hyderabad,628533,Failed,2,102,90,2.9,Poor,Normal,SLA Breach,High,Escalate to operations
ORD004903,DRV0120,2026-05-08,Hyderabad,580127,Delivered,1,78,45,2.8,Good,Normal,SLA Breach,High,Escalate to operations
ORD004913,DRV0144,2026-06-08,Hyderabad,786297,Delivered,2,38,60,1.7,Poor,Normal,Customer Experience Issue,High,Investigate customer issue
ORD004915,DRV0235,2026-06-12,Ahmedabad,571039,Delivered,1,109,30,3.6,Good,Normal,SLA Breach,High,Escalate to operations
ORD004925,DRV0216,2026-03-29,Kolkata,565648,Delivered,2,34,60,3.5,Missing,Normal,Address Issue,High,Verify delivery address
ORD004928,DRV0199,2026-01-27,Pune,619361,Failed,1,39,45,3.5,Missing,Normal,Address Issue,High,Verify delivery address
ORD004933,DRV0124,2026-06-10,Mumbai,691696,Delivered,1,15,30,3.5,Missing,Normal,Address Issue,High,Verify delivery address
ORD004812,DRV0051,2026-01-12,Delhi,529691,Delivered,1,163,90,3.8,Good,Normal,SLA Breach,High,Escalate to operations
ORD004816,DRV0090,2026-06-06,Kolkata,749787,Failed,1,92,120,3.1,Missing,Normal,Address Issue,High,Verify delivery address
ORD004822,DRV0025,2026-06-17,Bengaluru,576066,Delivered,2,86,45,4.0,Good,Normal,SLA Breach,High,Escalate to operations
ORD004823,DRV0155,2026-04-21,Kolkata,726866,Returned,1,98,45,4.6,Poor,Normal,SLA Breach,High,Escalate to operations
ORD001705,DRV0074,2026-04-19,Ahmedabad,588041,Delivered,1,41,45,4.7,Missing,Normal,Address Issue,High,Verify delivery address
ORD001714,DRV0007,2026-05-05,Delhi,604177,Delivered,1,103,45,3.1,Poor,Normal,SLA Breach,High,Escalate to operations
ORD001751,DRV0086,2026-05-16,Pune,704834,Failed,3,99,120,2.3,Good,Normal,Customer Experience Issue,High,Investigate customer issue
ORD008715,DRV0004,2026-03-28,Delhi,661382,Delivered,1,124,60,4.9,Good,Anomaly,SLA Breach,High,Escalate to operations
ORD008727,DRV0170,2026-06-09,Ahmedabad,655801,Returned,5,72,120,4.4,Missing,Normal,Address Issue,High,Verify delivery address
ORD008755,DRV0215,2026-01-18,Delhi,636441,Delivered,1,111,60,1.6,Good,Normal,SLA Breach,High,Escalate to operations
ORD008756,DRV0138,2026-05-18,Pune,790637,Delivered,2,71,90,1.8,Good,Normal,Customer Experience Issue,High,Investigate customer issue
ORD008768,DRV0024,2026-01-10,Mumbai,535939,Failed,1,106,90,4.0,Poor,Normal,SLA Breach,High,Escalate to operations
ORD008773,DRV0101,2026-03-14,Mumbai,756203,Delivered,2,80,90,1.1,Poor,Normal,Customer Experience Issue,High,Investigate customer issue
ORD000577,DRV0045,2026-06-26,Ahmedabad,549998,Failed,1,26,30,4.6,Missing,Normal,Address Issue,High,Verify delivery address
ORD000584,DRV0069,2026-03-24,Kolkata,546973,Delivered,1,68,90,3.6,Missing,Normal,Address Issue,High,Verify delivery address
ORD000592,DRV0232,2026-05-05,Delhi,778690,Delivered,1,89,120,4.5,Missing,Normal,Address Issue,High,Verify delivery address
ORD000595,DRV0058,2026-03-29,Chennai,705964,Returned,1,106,90,4.5,Poor,Normal,SLA Breach,High,Escalate to operations
ORD000615,DRV0004,2026-05-08,Ahmedabad,761432,Failed,2,91,120,4.1,Missing,Normal,Address Issue,High,Verify delivery address
ORD000621,DRV0135,2026-05-15,Kolkata,610019,Returned,1,40,30,4.7,Poor,Anomaly,SLA Breach,High,Escalate to operations
ORD001764,DRV0186,2026-06-08,Hyderabad,545311,Delivered,1,35,60,4.5,Missing,Normal,Address Issue,High,Verify delivery address
ORD005026,DRV0190,2026-05-26,Mumbai,683204,Returned,1,161,120,3.5,Good,Normal,SLA Breach,High,Escalate to operations
ORD005064,DRV0010,2026-05-07,Ahmedabad,574881,Delivered,1,41,60,4.8,Missing,Normal,Address Issue,High,Verify delivery address
ORD005070,DRV0107,2026-03-03,Delhi,623994,Failed,1,122,90,4.3,Poor,Normal,SLA Breach,High,Escalate to operations
ORD005082,DRV0201,2026-02-28,Delhi,649057,Delivered,1,94,60,4.8,Good,Normal,SLA Breach,High,Escalate to operations
ORD005088,DRV0068,2026-06-20,Kolkata,655780,Delivered,1,35,45,3.4,Missing,Normal,Address Issue,High,Verify delivery address
ORD005090,DRV0083,2026-06-19,Mumbai,542080,Delivered,1,40,30,2.6,Good,Normal,SLA Breach,High,Escalate to operations
ORD005100,DRV0003,2026-02-17,Mumbai,783904,Delivered,1,67,120,1.3,Poor,Normal,Customer Experience Issue,High,Investigate customer issue
ORD004939,DRV0176,2026-01-15,Mumbai,761658,Delivered,1,70,90,4.5,Missing,Normal,Address Issue,High,Verify delivery address
ORD004947,DRV0042,2026-02-28,Chennai,526074,Delivered,1,53,60,2.3,Good,Normal,Customer Experience Issue,High,Investigate customer issue
ORD004949,DRV0059,2026-02-07,Mumbai,662048,Delivered,1,87,120,2.5,Missing,Normal,Address Issue,High,Verify delivery address
ORD004950,DRV0225,2026-03-17,Hyderabad,747698,Delivered,1,62,90,3.7,Missing,Normal,Address Issue,High,Verify delivery address
ORD004954,DRV0109,2026-05-10,Delhi,682794,Failed,4,45,30,2.8,Good,Normal,SLA Breach,High,Escalate to operations
ORD004964,DRV0110,2026-04-26,Delhi,580175,Delivered,3,83,90,4.6,Missing,Normal,Address Issue,High,Verify delivery address
ORD004989,DRV0001,2026-05-14,Kolkata,670092,Failed,1,29,45,1.8,Good,Normal,Customer Experience Issue,High,Investigate customer issue
ORD004994,DRV0111,2026-02-01,Kolkata,708303,Failed,1,141,90,2.9,Good,Normal,SLA Breach,High,Escalate to operations
ORD005002,DRV0219,2026-04-09,Mumbai,737149,Delivered,1,16,30,1.7,Good,Normal,Customer Experience Issue,High,Investigate customer issue
ORD001664,DRV0108,2026-01-09,Ahmedabad,646225,Delivered,1,49,90,4.4,Missing,Anomaly,Address Issue,High,Verify delivery address
ORD001688,DRV0028,2026-02-02,Pune,550274,Returned,1,66,45,3.2,Poor,Anomaly,SLA Breach,High,Escalate to operations
ORD001693,DRV0229,2026-02-26,Chennai,646523,Delivered,1,43,60,3.3,Missing,Normal,Address Issue,High,Verify delivery address
ORD001702,DRV0098,2026-01-13,Delhi,619841,Delivered,1,69,45,3.7,Poor,Normal,SLA Breach,High,Escalate to operations
ORD005107,DRV0142,2026-03-04,Pune,561051,Returned,2,122,60,3.3,Good,Normal,SLA Breach,High,Escalate to operations
ORD005112,DRV0229,2026-04-12,Ahmedabad,771771,Returned,2,125,45,3.2,Poor,Normal,SLA Breach,High,Escalate to operations
ORD005121,DRV0140,2026-02-27,Pune,787739,Delivered,1,146,60,3.9,Good,Normal,SLA Breach,High,Escalate to operations
ORD005129,DRV0143,2026-02-22,Bengaluru,622613,Returned,1,27,45,3.0,Missing,Normal,Address Issue,High,Verify delivery address
ORD005130,DRV0143,2026-04-04,Bengaluru,681065,Delivered,1,80,45,3.3,Poor,Normal,SLA Breach,High,Escalate to operations
ORD005132,DRV0129,2026-01-19,Pune,748282,Failed,1,119,30,3.3,Poor,Normal,SLA Breach,High,Escalate to operations
ORD005168,DRV0108,2026-03-20,Mumbai,776007,Delivered,1,17,30,4.6,Missing,Normal,Address Issue,High,Verify delivery address
ORD005169,DRV0233,2026-04-26,Mumbai,529634,Delivered,1,181,120,4.1,Good,Normal,SLA Breach,High,Escalate to operations
ORD005171,DRV0213,2026-06-05,Ahmedabad,516019,Delivered,1,103,60,3.4,Good,Normal,SLA Breach,High,Escalate to operations
ORD005179,DRV0125,2026-05-20,Pune,773104,Delivered,2,97,120,4.0,Missing,Normal,Address Issue,High,Verify delivery address
ORD005183,DRV0186,2026-05-03,Chennai,793978,Delivered,1,140,120,3.6,Good,Normal,SLA Breach,High,Escalate to operations
ORD005184,DRV0212,2026-05-21,Chennai,749169,Delivered,2,103,90,2.9,Good,Normal,SLA Breach,High,Escalate to operations
ORD000623,DRV0134,2026-05-07,Ahmedabad,594323,Failed,1,87,60,4.2,Good,Normal,SLA Breach,High,Escalate to operations
ORD000625,DRV0086,2026-05-24,Delhi,611326,Delivered,1,38,60,1.5,Missing,Normal,Address Issue,High,Verify delivery address
ORD008582,DRV0236,2026-03-08,Bengaluru,613539,Delivered,1,40,45,5.0,Missing,Normal,Address Issue,High,Verify delivery address
ORD008589,DRV0002,2026-02-15,Chennai,507755,Returned,1,126,90,3.5,Good,Normal,SLA Breach,High,Escalate to operations
ORD008593,DRV0132,2026-05-03,Delhi,686802,Delivered,2,100,30,4.6,Poor,Normal,SLA Breach,High,Escalate to operations
ORD008595,DRV0240,2026-04-07,Bengaluru,614147,Failed,1,136,120,2.5,Good,Normal,SLA Breach,High,Escalate to operations
ORD008611,DRV0167,2026-02-26,Mumbai,680393,Delivered,1,108,60,3.1,Good,Normal,SLA Breach,High,Escalate to operations
ORD008612,DRV0056,2026-03-19,Chennai,759929,Delivered,2,182,120,5.0,Poor,Normal,SLA Breach,High,Escalate to operations
ORD008614,DRV0054,2026-05-29,Delhi,736862,Failed,1,203,120,4.5,Good,Normal,SLA Breach,High,Escalate to operations
ORD008618,DRV0139,2026-01-31,Bengaluru,635982,Delivered,1,107,30,4.4,Poor,Normal,SLA Breach,High,Escalate to operations
ORD008631,DRV0147,2026-04-18,Bengaluru,666640,Delivered,1,57,90,1.9,Good,Normal,Customer Experience Issue,High,Investigate customer issue
ORD008636,DRV0028,2026-05-31,Pune,602846,Delivered,1,74,60,4.1,Missing,Normal,Address Issue,High,Verify delivery address
ORD008501,DRV0125,2026-02-09,Pune,557698,Delivered,1,90,30,3.1,Good,Normal,SLA Breach,High,Escalate to operations
ORD008502,DRV0091,2026-01-30,Pune,797795,Returned,1,38,60,3.8,Missing,Normal,Address Issue,High,Verify delivery address
ORD001652,DRV0179,2026-03-29,Pune,703291,Delivered,1,84,90,2.6,Missing,Normal,Address Issue,High,Verify delivery address
ORD001656,DRV0117,2026-03-28,Kolkata,626551,Failed,3,89,30,2.7,Good,Normal,SLA Breach,High,Escalate to operations
ORD005322,DRV0225,2026-04-27,Delhi,630648,Delivered,3,164,90,3.7,Good,Normal,SLA Breach,High,Escalate to operations
ORD005330,DRV0134,2026-06-01,Bengaluru,706517,Returned,1,101,120,4.5,Missing,Normal,Address Issue,High,Verify delivery address
ORD005191,DRV0054,2026-03-03,Bengaluru,505426,Delivered,1,178,90,3.9,Good,Normal,SLA Breach,High,Escalate to operations
ORD005197,DRV0163,2026-04-13,Delhi,775060,Delivered,1,195,120,3.8,Good,Normal,SLA Breach,High,Escalate to operations
ORD005213,DRV0025,2026-06-01,Delhi,738201,Delivered,1,32,45,1.8,Good,Normal,Customer Experience Issue,High,Investigate customer issue
ORD005223,DRV0124,2026-05-11,Chennai,627008,Failed,1,123,45,4.1,Good,Normal,SLA Breach,High,Escalate to operations
ORD005256,DRV0001,2026-06-18,Bengaluru,737961,Delivered,2,33,45,4.9,Missing,Normal,Address Issue,High,Verify delivery address
ORD005257,DRV0086,2026-04-18,Chennai,753752,Delivered,2,52,90,2.9,Missing,Normal,Address Issue,High,Verify delivery address
ORD005271,DRV0025,2026-03-16,Ahmedabad,626570,Delivered,1,45,60,3.8,Missing,Normal,Address Issue,High,Verify delivery address
ORD001630,DRV0185,2026-04-28,Delhi,704867,Failed,2,75,90,2.1,Poor,Normal,Customer Experience Issue,High,Investigate customer issue
ORD001634,DRV0078,2026-03-09,Chennai,739561,Delivered,1,22,30,4.5,Missing,Normal,Address Issue,High,Verify delivery address
ORD001638,DRV0182,2026-05-03,Pune,606272,Delivered,1,57,60,4.3,Missing,Normal,Address Issue,High,Verify delivery address
ORD001642,DRV0096,2026-03-30,Ahmedabad,653327,Delivered,2,79,90,2.9,Missing,Normal,Address Issue,High,Verify delivery address
ORD001644,DRV0193,2026-01-11,Chennai,680068,Failed,2,103,45,2.8,Good,Normal,SLA Breach,High,Escalate to operations
ORD001650,DRV0212,2026-05-19,Mumbai,550639,Delivered,1,19,30,5.0,Missing,Normal,Address Issue,High,Verify delivery address
ORD000622,DRV0124,2026-04-20,Pune,665931,Delivered,1,82,120,4.2,Missing,Anomaly,Address Issue,High,Verify delivery address
ORD005332,DRV0064,2026-03-15,Chennai,540137,Failed,1,158,90,3.0,Good,Normal,SLA Breach,High,Escalate to operations
ORD005337,DRV0021,2026-06-11,Kolkata,547543,Returned,6,169,90,3.2,Good,Normal,SLA Breach,High,Escalate to operations
ORD005342,DRV0109,2026-04-06,Delhi,796369,Delivered,1,78,90,2.6,Missing,Normal,Address Issue,High,Verify delivery address
ORD005344,DRV0090,2026-01-28,Pune,589679,Returned,1,40,60,3.0,Missing,Normal,Address Issue,High,Verify delivery address
ORD005345,DRV0052,2026-04-05,Chennai,770706,Delivered,3,79,45,4.3,Good,Normal,SLA Breach,High,Escalate to operations
ORD005347,DRV0027,2026-06-02,Pune,565829,Failed,2,59,45,3.4,Good,Normal,SLA Breach,High,Escalate to operations
ORD005364,DRV0166,2026-03-24,Kolkata,780445,Delivered,2,53,90,4.7,Missing,Normal,Address Issue,High,Verify delivery address
ORD005365,DRV0044,2026-02-16,Pune,522088,Delivered,1,102,30,2.6,Good,Normal,SLA Breach,High,Escalate to operations
ORD005370,DRV0038,2026-06-02,Pune,581893,Delivered,1,17,30,1.8,Good,Normal,Customer Experience Issue,High,Investigate customer issue
ORD005377,DRV0125,2026-02-01,Mumbai,675300,Delivered,1,35,45,1.2,Good,Normal,Customer Experience Issue,High,Investigate customer issue
ORD005385,DRV0232,2026-01-09,Delhi,646560,Delivered,2,192,120,2.6,Good,Normal,SLA Breach,High,Escalate to operations
ORD005277,DRV0067,2026-04-19,Ahmedabad,678822,Returned,1,119,45,4.7,Good,Normal,SLA Breach,High,Escalate to operations
ORD005279,DRV0027,2026-04-06,Mumbai,575278,Returned,1,38,60,2.2,Good,Normal,Customer Experience Issue,High,Investigate customer issue
ORD005288,DRV0118,2026-01-19,Ahmedabad,571021,Delivered,3,20,30,4.6,Missing,Normal,Address Issue,High,Verify delivery address
ORD005295,DRV0172,2026-05-15,Bengaluru,789255,Failed,1,91,45,4.3,Good,Normal,SLA Breach,High,Escalate to operations
ORD005316,DRV0002,2026-03-30,Chennai,560864,Failed,1,131,90,4.5,Good,Normal,SLA Breach,High,Escalate to operations
ORD001587,DRV0068,2026-05-19,Chennai,599271,Returned,1,83,30,3.6,Good,Normal,SLA Breach,High,Escalate to operations
ORD001602,DRV0186,2026-06-26,Delhi,567178,Delivered,1,129,90,3.0,Good,Normal,SLA Breach,High,Escalate to operations
ORD001603,DRV0095,2026-03-05,Kolkata,609815,Delivered,1,72,60,2.5,Good,Normal,SLA Breach,High,Escalate to operations
ORD001619,DRV0165,2026-06-27,Kolkata,581256,Failed,2,88,45,4.4,Good,Normal,SLA Breach,High,Escalate to operations
ORD005394,DRV0204,2026-06-20,Bengaluru,532558,Delivered,1,121,90,2.9,Good,Normal,SLA Breach,High,Escalate to operations
ORD005396,DRV0244,2026-03-22,Hyderabad,798017,Delivered,1,18,30,4.9,Missing,Normal,Address Issue,High,Verify delivery address
ORD005400,DRV0086,2026-05-17,Kolkata,629739,Returned,2,190,120,4.3,Good,Normal,SLA Breach,High,Escalate to operations
ORD005411,DRV0198,2026-04-24,Kolkata,687550,Returned,1,44,30,2.6,Poor,Normal,SLA Breach,High,Escalate to operations
ORD005413,DRV0122,2026-06-25,Hyderabad,581831,Delivered,1,91,45,2.6,Good,Normal,SLA Breach,High,Escalate to operations
ORD005418,DRV0140,2026-03-24,Pune,592693,Delivered,2,93,120,4.0,Missing,Normal,Address Issue,High,Verify delivery address
ORD005421,DRV0007,2026-02-12,Bengaluru,736805,Returned,1,68,120,4.7,Missing,Normal,Address Issue,High,Verify delivery address
ORD005422,DRV0220,2026-01-20,Pune,675862,Returned,1,142,60,3.9,Missing,Normal,Address Issue,High,Verify delivery address
ORD005425,DRV0086,2026-02-13,Bengaluru,796498,Returned,1,54,90,3.1,Missing,Normal,Address Issue,High,Verify delivery address
ORD005434,DRV0012,2026-04-11,Kolkata,712023,Returned,3,45,90,4.7,Missing,Normal,Address Issue,High,Verify delivery address
ORD005444,DRV0233,2026-05-30,Mumbai,530874,Delivered,1,47,60,4.5,Missing,Normal,Address Issue,High,Verify delivery address
ORD005445,DRV0218,2026-04-12,Delhi,747454,Delivered,2,32,60,5.0,Missing,Normal,Address Issue,High,Verify delivery address
ORD001560,DRV0119,2026-03-28,Delhi,670923,Returned,1,185,120,3.2,Good,Normal,SLA Breach,High,Escalate to operations
ORD001562,DRV0096,2026-02-24,Pune,705955,Delivered,6,101,120,4.1,Missing,Normal,Address Issue,High,Verify delivery address
ORD001567,DRV0219,2026-03-22,Bengaluru,687011,Delivered,1,31,45,2.8,Missing,Normal,Address Issue,High,Verify delivery address
ORD008503,DRV0112,2026-03-19,Delhi,760495,Failed,1,41,45,4.7,Missing,Normal,Address Issue,High,Verify delivery address
ORD008515,DRV0177,2026-04-16,Pune,725989,Delivered,4,32,45,4.7,Missing,Normal,Address Issue,High,Verify delivery address
ORD008568,DRV0204,2026-05-01,Pune,669522,Delivered,2,19,30,2.3,Good,Normal,Customer Experience Issue,High,Investigate customer issue
ORD008574,DRV0014,2026-06-03,Ahmedabad,784084,Delivered,3,118,45,4.5,Good,Normal,SLA Breach,High,Escalate to operations
ORD008578,DRV0247,2026-05-28,Delhi,663140,Delivered,1,39,45,2.7,Missing,Normal,Address Issue,High,Verify delivery address
ORD008579,DRV0248,2026-02-07,Pune,729537,Delivered,2,42,30,3.0,Good,Normal,SLA Breach,High,Escalate to operations
ORD000656,DRV0104,2026-04-22,Kolkata,785799,Delivered,1,123,90,3.4,Good,Normal,SLA Breach,High,Escalate to operations
ORD000663,DRV0063,2026-06-11,Ahmedabad,540937,Returned,1,79,120,1.4,Poor,Normal,Customer Experience Issue,High,Investigate customer issue
ORD000668,DRV0071,2026-01-04,Pune,558484,Failed,1,107,120,4.7,Missing,Normal,Address Issue,High,Verify delivery address
ORD000671,DRV0186,2026-02-23,Chennai,680919,Delivered,1,15,30,3.2,Missing,Normal,Address Issue,High,Verify delivery address
ORD000672,DRV0103,2026-03-19,Ahmedabad,749700,Returned,2,192,120,2.6,Good,Normal,SLA Breach,High,Escalate to operations
ORD001574,DRV0247,2026-03-16,Delhi,543554,Delivered,1,46,90,2.8,Missing,Normal,Address Issue,High,Verify delivery address
ORD001580,DRV0073,2026-01-22,Pune,735863,Returned,1,57,60,2.0,Poor,Normal,Customer Experience Issue,High,Investigate customer issue
ORD005525,DRV0235,2026-04-17,Mumbai,500509,Delivered,1,92,45,4.2,Good,Normal,SLA Breach,High,Escalate to operations
ORD005535,DRV0092,2026-06-24,Bengaluru,712086,Failed,1,103,45,3.5,Good,Normal,SLA Breach,High,Escalate to operations
ORD005545,DRV0191,2026-05-22,Bengaluru,552941,Delivered,1,106,90,3.8,Good,Normal,SLA Breach,High,Escalate to operations
ORD005556,DRV0229,2026-02-14,Chennai,764926,Delivered,1,51,60,1.6,Poor,Normal,Customer Experience Issue,High,Investigate customer issue
ORD005569,DRV0247,2026-03-27,Delhi,572400,Returned,1,75,90,3.7,Missing,Normal,Address Issue,High,Verify delivery address
ORD005573,DRV0181,2026-02-18,Kolkata,614172,Failed,1,15,30,3.9,Missing,Normal,Address Issue,High,Verify delivery address
ORD005586,DRV0104,2026-04-20,Kolkata,527346,Delivered,1,74,90,4.4,Missing,Normal,Address Issue,High,Verify delivery address
ORD005587,DRV0138,2026-04-15,Bengaluru,535573,Failed,1,172,90,2.9,Good,Normal,SLA Breach,High,Escalate to operations
ORD005461,DRV0103,2026-03-23,Bengaluru,536381,Delivered,1,76,90,1.0,Good,Normal,Customer Experience Issue,High,Investigate customer issue
ORD005469,DRV0204,2026-06-30,Pune,776225,Returned,1,46,90,1.0,Good,Normal,Customer Experience Issue,High,Investigate customer issue
ORD005491,DRV0232,2026-05-13,Chennai,736319,Delivered,2,54,60,4.4,Missing,Normal,Address Issue,High,Verify delivery address
ORD005501,DRV0240,2026-05-09,Bengaluru,572674,Delivered,1,100,120,4.4,Missing,Normal,Address Issue,High,Verify delivery address
ORD005510,DRV0083,2026-02-27,Hyderabad,689133,Delivered,1,24,45,2.1,Good,Normal,Customer Experience Issue,High,Investigate customer issue
ORD001548,DRV0113,2026-04-24,Chennai,521523,Returned,2,28,45,1.9,Good,Normal,Customer Experience Issue,High,Investigate customer issue
ORD001557,DRV0058,2026-03-15,Chennai,591411,Delivered,3,102,45,4.5,Good,Normal,SLA Breach,High,Escalate to operations
ORD001558,DRV0207,2026-02-06,Pune,522311,Delivered,1,114,120,4.3,Missing,Normal,Address Issue,High,Verify delivery address
ORD008464,DRV0047,2026-06-07,Delhi,670009,Failed,1,78,60,4.2,Good,Normal,SLA Breach,High,Escalate to operations
ORD001503,DRV0082,2026-01-26,Pune,547412,Returned,1,132,120,4.8,Good,Normal,SLA Breach,High,Escalate to operations
ORD001511,DRV0048,2026-06-10,Kolkata,702953,Returned,6,88,60,4.8,Good,Normal,SLA Breach,High,Escalate to operations
ORD001537,DRV0247,2026-06-25,Hyderabad,727438,Returned,1,70,45,4.9,Good,Normal,SLA Breach,High,Escalate to operations
ORD001546,DRV0143,2026-02-21,Ahmedabad,566644,Failed,3,75,90,1.5,Good,Normal,Customer Experience Issue,High,Investigate customer issue
ORD005595,DRV0098,2026-06-26,Ahmedabad,566677,Delivered,1,40,60,2.3,Good,Normal,Customer Experience Issue,High,Investigate customer issue
ORD005613,DRV0176,2026-02-23,Chennai,777679,Delivered,1,26,45,1.9,Good,Normal,Customer Experience Issue,High,Investigate customer issue
ORD005619,DRV0248,2026-06-19,Kolkata,692279,Delivered,1,107,120,1.7,Missing,Normal,Address Issue,High,Verify delivery address
ORD005620,DRV0051,2026-04-30,Ahmedabad,517364,Delivered,1,105,90,4.3,Good,Normal,SLA Breach,High,Escalate to operations
ORD005628,DRV0112,2026-01-04,Kolkata,761961,Failed,1,31,45,1.4,Good,Normal,Customer Experience Issue,High,Investigate customer issue
ORD005632,DRV0094,2026-06-07,Hyderabad,605755,Returned,1,19,30,1.8,Good,Normal,Customer Experience Issue,High,Investigate customer issue
ORD005636,DRV0067,2026-05-08,Chennai,718411,Returned,2,75,120,4.1,Missing,Normal,Address Issue,High,Verify delivery address
ORD005645,DRV0110,2026-03-29,Hyderabad,743421,Delivered,2,85,120,3.6,Missing,Normal,Address Issue,High,Verify delivery address
ORD005662,DRV0237,2026-05-26,Chennai,633539,Delivered,2,52,30,4.0,Poor,Normal,SLA Breach,High,Escalate to operations
ORD005688,DRV0141,2026-05-07,Delhi,637206,Delivered,1,103,60,4.9,Good,Normal,SLA Breach,High,Escalate to operations
ORD005521,DRV0151,2026-01-27,Hyderabad,693504,Delivered,2,49,60,1.6,Good,Normal,Customer Experience Issue,High,Investigate customer issue
ORD001489,DRV0101,2026-03-05,Mumbai,683714,Delivered,1,70,60,3.8,Good,Normal,SLA Breach,High,Escalate to operations
ORD001499,DRV0147,2026-04-13,Hyderabad,726386,Returned,2,40,45,3.2,Missing,Normal,Address Issue,High,Verify delivery address
ORD001501,DRV0091,2026-03-12,Mumbai,733836,Delivered,1,88,60,3.2,Good,Normal,SLA Breach,High,Escalate to operations
ORD001502,DRV0143,2026-04-13,Delhi,682734,Delivered,2,20,30,3.1,Missing,Normal,Address Issue,High,Verify delivery address
ORD000673,DRV0122,2026-02-07,Pune,778104,Delivered,1,69,90,1.4,Good,Normal,Customer Experience Issue,High,Investigate customer issue
ORD000686,DRV0099,2026-02-01,Ahmedabad,797399,Failed,2,106,60,2.9,Missing,Normal,Address Issue,High,Verify delivery address
ORD000690,DRV0017,2026-05-08,Pune,779938,Delivered,3,15,30,4.8,Missing,Normal,Address Issue,High,Verify delivery address
ORD000691,DRV0087,2026-04-14,Hyderabad,561964,Delivered,2,183,120,4.0,Missing,Normal,Address Issue,High,Verify delivery address
ORD000695,DRV0017,2026-04-20,Mumbai,676864,Returned,1,33,60,1.9,Poor,Normal,Customer Experience Issue,High,Investigate customer issue
ORD000698,DRV0203,2026-02-10,Kolkata,508194,Delivered,5,109,30,4.1,Good,Normal,SLA Breach,High,Escalate to operations
ORD008428,DRV0104,2026-05-12,Bengaluru,675582,Returned,1,164,120,4.8,Good,Normal,SLA Breach,High,Escalate to operations
ORD008430,DRV0113,2026-06-16,Kolkata,545504,Delivered,3,152,90,3.5,Good,Normal,SLA Breach,High,Escalate to operations
ORD008432,DRV0010,2026-01-28,Delhi,732371,Delivered,1,83,60,3.0,Good,Normal,SLA Breach,High,Escalate to operations
ORD008448,DRV0110,2026-04-01,Kolkata,730336,Delivered,1,146,120,4.6,Good,Normal,SLA Breach,High,Escalate to operations
ORD008451,DRV0091,2026-01-18,Mumbai,685161,Delivered,1,52,60,2.8,Missing,Normal,Address Issue,High,Verify delivery address
ORD008452,DRV0095,2026-03-19,Mumbai,784072,Delivered,1,157,120,4.1,Good,Normal,SLA Breach,High,Escalate to operations
ORD005753,DRV0029,2026-04-04,Mumbai,552730,Delivered,2,81,60,4.6,Poor,Normal,SLA Breach,High,Escalate to operations
ORD005755,DRV0150,2026-02-04,Chennai,718029,Failed,2,66,30,4.9,Good,Normal,SLA Breach,High,Escalate to operations
ORD005767,DRV0029,2026-03-16,Hyderabad,574045,Returned,2,97,120,3.6,Missing,Normal,Address Issue,High,Verify delivery address
ORD005776,DRV0027,2026-03-11,Mumbai,634368,Failed,1,80,120,1.8,Good,Normal,Customer Experience Issue,High,Investigate customer issue
ORD005785,DRV0067,2026-06-07,Mumbai,612541,Delivered,1,36,45,4.9,Missing,Normal,Address Issue,High,Verify delivery address
ORD005789,DRV0211,2026-01-13,Ahmedabad,527240,Delivered,1,41,45,4.8,Missing,Normal,Address Issue,High,Verify delivery address
ORD005804,DRV0110,2026-04-02,Kolkata,529541,Delivered,2,15,30,3.3,Missing,Normal,Address Issue,High,Verify delivery address
ORD005694,DRV0023,2026-06-08,Mumbai,514879,Delivered,1,95,60,2.6,Good,Normal,SLA Breach,High,Escalate to operations
ORD005695,DRV0078,2026-03-07,Ahmedabad,733710,Delivered,1,26,30,1.8,Good,Normal,Customer Experience Issue,High,Investigate customer issue
ORD005696,DRV0083,2026-03-03,Chennai,752488,Failed,1,201,120,4.7,Good,Normal,SLA Breach,High,Escalate to operations
ORD005699,DRV0227,2026-03-29,Kolkata,534713,Failed,2,31,45,3.3,Missing,Normal,Address Issue,High,Verify delivery address
ORD005709,DRV0178,2026-05-14,Chennai,704835,Delivered,1,160,120,3.0,Good,Normal,SLA Breach,High,Escalate to operations
ORD005713,DRV0158,2026-06-07,Mumbai,678253,Delivered,1,15,30,4.7,Missing,Normal,Address Issue,High,Verify delivery address
ORD005725,DRV0031,2026-05-06,Chennai,649774,Delivered,1,28,45,4.1,Missing,Normal,Address Issue,High,Verify delivery address
ORD005727,DRV0041,2026-05-29,Bengaluru,589704,Failed,2,57,60,2.6,Missing,Normal,Address Issue,High,Verify delivery address
ORD005730,DRV0140,2026-03-21,Kolkata,760943,Delivered,1,110,60,4.3,Good,Normal,SLA Breach,High,Escalate to operations
ORD008337,DRV0170,2026-01-23,Hyderabad,648033,Failed,1,158,120,5.0,Good,Normal,SLA Breach,High,Escalate to operations
ORD008342,DRV0164,2026-02-18,Bengaluru,728748,Delivered,1,53,60,2.1,Good,Normal,Customer Experience Issue,High,Investigate customer issue
ORD005954,DRV0198,2026-02-22,Delhi,773420,Delivered,1,49,90,4.4,Missing,Normal,Address Issue,High,Verify delivery address
ORD005810,DRV0050,2026-02-19,Kolkata,748816,Delivered,1,16,30,3.9,Missing,Normal,Address Issue,High,Verify delivery address
ORD005812,DRV0010,2026-04-27,Kolkata,654571,Failed,1,33,45,3.9,Missing,Normal,Address Issue,High,Verify delivery address
ORD005814,DRV0208,2026-04-21,Bengaluru,548361,Delivered,1,113,120,2.0,Good,Normal,Customer Experience Issue,High,Investigate customer issue
ORD005815,DRV0099,2026-02-27,Delhi,686122,Returned,2,85,60,1.5,Good,Anomaly,SLA Breach,High,Escalate to operations
ORD005822,DRV0228,2026-02-17,Delhi,548194,Delivered,2,128,60,3.0,Good,Normal,SLA Breach,High,Escalate to operations
ORD005839,DRV0106,2026-06-01,Ahmedabad,529923,Failed,1,37,45,4.2,Missing,Normal,Address Issue,High,Verify delivery address
ORD005847,DRV0002,2026-04-29,Kolkata,728783,Failed,1,49,90,1.3,Good,Normal,Customer Experience Issue,High,Investigate customer issue
ORD005863,DRV0089,2026-04-29,Ahmedabad,561885,Delivered,1,52,90,2.5,Missing,Normal,Address Issue,High,Verify delivery address
ORD005868,DRV0084,2026-04-02,Pune,605510,Failed,3,129,45,4.8,Good,Normal,SLA Breach,High,Escalate to operations
ORD005870,DRV0199,2026-04-04,Kolkata,753899,Returned,1,100,120,3.8,Missing,Normal,Address Issue,High,Verify delivery address
ORD005887,DRV0210,2026-05-25,Ahmedabad,791426,Failed,1,31,45,3.8,Missing,Normal,Address Issue,High,Verify delivery address
ORD005747,DRV0016,2026-06-30,Hyderabad,689869,Failed,1,172,120,3.4,Good,Normal,SLA Breach,High,Escalate to operations
ORD005749,DRV0209,2026-05-12,Bengaluru,598024,Failed,1,126,90,3.5,Good,Normal,SLA Breach,High,Escalate to operations
ORD005925,DRV0087,2026-05-05,Bengaluru,756500,Delivered,1,28,30,3.0,Missing,Normal,Address Issue,High,Verify delivery address
ORD005931,DRV0103,2026-05-02,Hyderabad,663140,Failed,1,88,120,2.5,Missing,Normal,Address Issue,High,Verify delivery address
ORD005932,DRV0078,2026-04-20,Pune,665309,Delivered,1,69,120,4.5,Missing,Normal,Address Issue,High,Verify delivery address
ORD005941,DRV0052,2026-02-01,Ahmedabad,558705,Failed,1,43,30,4.2,Good,Normal,SLA Breach,High,Escalate to operations
ORD005950,DRV0013,2026-02-05,Delhi,637115,Delivered,1,23,45,2.9,Missing,Normal,Address Issue,High,Verify delivery address
ORD005952,DRV0122,2026-01-14,Kolkata,630394,Returned,3,86,120,3.4,Missing,Normal,Address Issue,High,Verify delivery address
ORD008483,DRV0226,2026-06-29,Hyderabad,661585,Returned,1,22,30,3.2,Missing,Normal,Address Issue,High,Verify delivery address
ORD008378,DRV0064,2026-03-18,Bengaluru,515214,Delivered,1,95,120,2.6,Missing,Normal,Address Issue,High,Verify delivery address
ORD008383,DRV0221,2026-04-01,Delhi,797496,Delivered,1,135,90,4.2,Good,Normal,SLA Breach,High,Escalate to operations
ORD008384,DRV0239,2026-05-13,Bengaluru,742859,Delivered,1,53,60,4.0,Missing,Normal,Address Issue,High,Verify delivery address
ORD008392,DRV0079,2026-06-05,Hyderabad,533255,Returned,1,79,30,3.1,Poor,Normal,SLA Breach,High,Escalate to operations
ORD008396,DRV0068,2026-06-29,Bengaluru,535704,Delivered,1,26,45,3.3,Missing,Normal,Address Issue,High,Verify delivery address
ORD008403,DRV0244,2026-02-09,Ahmedabad,715882,Delivered,1,34,45,3.4,Missing,Normal,Address Issue,High,Verify delivery address
ORD008313,DRV0223,2026-03-03,Kolkata,611068,Delivered,1,66,120,4.5,Missing,Normal,Address Issue,High,Verify delivery address
ORD008322,DRV0054,2026-04-10,Ahmedabad,739779,Delivered,1,137,120,3.4,Good,Normal,SLA Breach,High,Escalate to operations
ORD008334,DRV0084,2026-03-15,Chennai,580043,Failed,3,164,90,5.0,Good,Normal,SLA Breach,High,Escalate to operations
ORD005969,DRV0098,2026-01-01,Ahmedabad,756616,Returned,1,129,45,4.5,Good,Normal,SLA Breach,High,Escalate to operations
ORD005973,DRV0154,2026-06-28,Ahmedabad,642470,Failed,1,22,45,2.7,Missing,Normal,Address Issue,High,Verify delivery address
ORD005984,DRV0135,2026-04-20,Ahmedabad,790411,Failed,1,78,90,4.5,Missing,Normal,Address Issue,High,Verify delivery address
ORD005986,DRV0090,2026-02-06,Chennai,630796,Delivered,1,187,120,2.8,Poor,Normal,SLA Breach,High,Escalate to operations
ORD005998,DRV0122,2026-04-12,Chennai,774410,Delivered,1,53,90,5.0,Missing,Normal,Address Issue,High,Verify delivery address
ORD006007,DRV0230,2026-01-28,Delhi,632196,Delivered,1,84,120,1.9,Poor,Normal,Customer Experience Issue,High,Investigate customer issue
ORD006008,DRV0030,2026-05-13,Kolkata,536895,Delivered,2,22,30,1.8,Good,Normal,Customer Experience Issue,High,Investigate customer issue
ORD006025,DRV0093,2026-01-25,Hyderabad,572628,Returned,2,32,45,1.6,Good,Normal,Customer Experience Issue,High,Investigate customer issue
ORD006034,DRV0095,2026-03-05,Chennai,757304,Failed,2,59,30,3.1,Good,Normal,SLA Breach,High,Escalate to operations
ORD006038,DRV0214,2026-01-14,Delhi,548512,Delivered,1,169,120,4.4,Good,Normal,SLA Breach,High,Escalate to operations
ORD005891,DRV0218,2026-03-02,Mumbai,797018,Delivered,2,15,30,4.1,Missing,Normal,Address Issue,High,Verify delivery address
ORD005892,DRV0189,2026-02-20,Delhi,675465,Returned,1,71,60,4.2,Good,Normal,SLA Breach,High,Escalate to operations
ORD005893,DRV0216,2026-06-21,Ahmedabad,614397,Delivered,1,35,60,3.2,Missing,Normal,Address Issue,High,Verify delivery address
ORD005904,DRV0211,2026-02-22,Mumbai,552087,Delivered,1,148,90,4.2,Poor,Normal,SLA Breach,High,Escalate to operations
ORD005914,DRV0110,2026-01-12,Kolkata,702665,Failed,1,30,60,1.4,Poor,Normal,Customer Experience Issue,High,Investigate customer issue
ORD005919,DRV0231,2026-01-28,Ahmedabad,703149,Returned,1,165,120,2.8,Poor,Normal,SLA Breach,High,Escalate to operations
ORD006110,DRV0105,2026-05-09,Kolkata,726890,Failed,1,113,120,3.7,Missing,Normal,Address Issue,High,Verify delivery address
ORD006115,DRV0157,2026-06-05,Ahmedabad,599117,Delivered,2,36,60,4.2,Missing,Normal,Address Issue,High,Verify delivery address
ORD006123,DRV0088,2026-06-03,Mumbai,708581,Delivered,2,30,45,2.3,Good,Normal,Customer Experience Issue,High,Investigate customer issue
ORD001425,DRV0171,2026-04-13,Hyderabad,551820,Delivered,1,140,60,2.9,Poor,Normal,SLA Breach,High,Escalate to operations
ORD001428,DRV0232,2026-05-14,Chennai,658733,Delivered,1,132,45,4.6,Poor,Normal,SLA Breach,High,Escalate to operations
ORD001438,DRV0202,2026-02-10,Chennai,582382,Delivered,3,83,90,1.8,Good,Normal,Customer Experience Issue,High,Investigate customer issue
ORD001440,DRV0116,2026-04-19,Pune,795324,Delivered,2,27,30,3.4,Missing,Normal,Address Issue,High,Verify delivery address
ORD001441,DRV0248,2026-04-01,Kolkata,573363,Delivered,2,28,30,2.3,Good,Normal,Customer Experience Issue,High,Investigate customer issue
ORD001444,DRV0084,2026-06-01,Ahmedabad,746348,Delivered,2,160,90,3.1,Good,Normal,SLA Breach,High,Escalate to operations
ORD001456,DRV0002,2026-01-05,Kolkata,504476,Delivered,1,30,45,1.1,Good,Normal,Customer Experience Issue,High,Investigate customer issue
ORD001460,DRV0070,2026-02-25,Mumbai,686302,Delivered,1,52,90,4.8,Missing,Normal,Address Issue,High,Verify delivery address
ORD001463,DRV0192,2026-04-17,Delhi,600129,Delivered,3,83,120,1.1,Good,Normal,Customer Experience Issue,High,Investigate customer issue
ORD001478,DRV0102,2026-01-03,Delhi,799938,Delivered,1,36,60,3.2,Missing,Normal,Address Issue,High,Verify delivery address
ORD001480,DRV0087,2026-03-07,Chennai,678773,Delivered,2,51,90,2.2,Good,Normal,Customer Experience Issue,High,Investigate customer issue
ORD001481,DRV0017,2026-04-20,Delhi,513324,Failed,1,58,45,4.9,Good,Normal,SLA Breach,High,Escalate to operations
ORD005965,DRV0160,2026-06-28,Kolkata,667240,Delivered,1,55,90,2.4,Good,Normal,Customer Experience Issue,High,Investigate customer issue
ORD000747,DRV0096,2026-03-08,Hyderabad,585378,Failed,1,44,60,3.4,Missing,Normal,Address Issue,High,Verify delivery address
ORD001416,DRV0194,2026-03-29,Pune,654818,Returned,5,167,90,3.0,Poor,Normal,SLA Breach,High,Escalate to operations
ORD001422,DRV0222,2026-06-15,Ahmedabad,588668,Failed,1,69,90,3.7,Missing,Normal,Address Issue,High,Verify delivery address
ORD001423,DRV0088,2026-03-21,Mumbai,608228,Delivered,1,109,120,4.7,Missing,Normal,Address Issue,High,Verify delivery address
ORD006138,DRV0022,2026-03-25,Pune,588481,Delivered,1,91,45,4.2,Good,Normal,SLA Breach,High,Escalate to operations
ORD006147,DRV0176,2026-03-14,Delhi,606272,Delivered,1,179,120,3.4,Good,Normal,SLA Breach,High,Escalate to operations
ORD006151,DRV0019,2026-06-04,Pune,648434,Failed,1,142,120,3.7,Missing,Normal,Address Issue,High,Verify delivery address
ORD006174,DRV0124,2026-01-20,Pune,519744,Delivered,1,27,45,4.8,Missing,Normal,Address Issue,High,Verify delivery address
ORD006180,DRV0074,2026-01-12,Kolkata,569019,Delivered,2,37,60,2.7,Missing,Normal,Address Issue,High,Verify delivery address
ORD006186,DRV0060,2026-06-10,Hyderabad,790849,Delivered,1,70,120,2.9,Missing,Normal,Address Issue,High,Verify delivery address
ORD006039,DRV0139,2026-05-24,Bengaluru,525859,Delivered,1,49,60,1.2,Good,Normal,Customer Experience Issue,High,Investigate customer issue
ORD006057,DRV0237,2026-05-12,Chennai,726487,Delivered,1,30,60,4.0,Missing,Normal,Address Issue,High,Verify delivery address
ORD006061,DRV0090,2026-02-28,Ahmedabad,598455,Delivered,1,183,120,4.8,Good,Normal,SLA Breach,High,Escalate to operations
ORD006062,DRV0052,2026-01-19,Pune,757633,Failed,1,60,120,3.9,Missing,Normal,Address Issue,High,Verify delivery address
ORD006076,DRV0038,2026-01-16,Kolkata,699148,Delivered,1,95,120,3.7,Missing,Normal,Address Issue,High,Verify delivery address
ORD006077,DRV0041,2026-03-07,Ahmedabad,505804,Returned,1,94,60,2.7,Good,Normal,SLA Breach,High,Escalate to operations
ORD006251,DRV0220,2026-01-30,Delhi,681476,Delivered,1,63,30,4.6,Missing,Normal,Address Issue,High,Verify delivery address
ORD006270,DRV0246,2026-03-29,Bengaluru,550513,Delivered,1,191,120,4.4,Good,Normal,SLA Breach,High,Escalate to operations
ORD001338,DRV0085,2026-06-07,Pune,748201,Delivered,1,28,45,5.0,Missing,Normal,Address Issue,High,Verify delivery address
ORD001349,DRV0095,2026-06-06,Hyderabad,580316,Returned,1,55,45,3.8,Good,Normal,SLA Breach,High,Escalate to operations
ORD001364,DRV0234,2026-03-20,Delhi,585325,Delivered,1,22,30,3.3,Missing,Normal,Address Issue,High,Verify delivery address
ORD001376,DRV0024,2026-04-09,Delhi,594306,Delivered,1,85,60,3.2,Good,Normal,SLA Breach,High,Escalate to operations
ORD001379,DRV0176,2026-01-03,Ahmedabad,754877,Returned,3,171,90,5.0,Good,Normal,SLA Breach,High,Escalate to operations
ORD001385,DRV0005,2026-03-25,Ahmedabad,656071,Returned,1,20,30,3.5,Missing,Normal,Address Issue,High,Verify delivery address
ORD001392,DRV0129,2026-06-04,Hyderabad,709018,Delivered,1,132,60,2.7,Good,Normal,SLA Breach,High,Escalate to operations
ORD008349,DRV0241,2026-01-04,Delhi,556939,Returned,1,185,120,3.2,Good,Normal,SLA Breach,High,Escalate to operations
ORD000709,DRV0033,2026-06-27,Hyderabad,798144,Delivered,1,93,30,3.8,Good,Normal,SLA Breach,High,Escalate to operations
ORD000710,DRV0108,2026-03-29,Chennai,615266,Delivered,1,195,120,4.7,Poor,Normal,SLA Breach,High,Escalate to operations
ORD000713,DRV0107,2026-01-11,Hyderabad,746757,Returned,2,47,30,4.6,Poor,Normal,SLA Breach,High,Escalate to operations
ORD000716,DRV0181,2026-05-27,Ahmedabad,512799,Delivered,1,34,45,4.3,Missing,Normal,Address Issue,High,Verify delivery address
ORD000728,DRV0118,2026-05-26,Pune,569182,Delivered,1,37,60,1.6,Good,Normal,Customer Experience Issue,High,Investigate customer issue
ORD000730,DRV0047,2026-06-27,Chennai,580470,Delivered,1,20,30,2.2,Poor,Normal,Customer Experience Issue,High,Investigate customer issue
ORD006187,DRV0030,2026-06-28,Bengaluru,656272,Failed,1,28,30,2.1,Good,Normal,Customer Experience Issue,High,Investigate customer issue
ORD006193,DRV0143,2026-04-16,Pune,662952,Returned,1,105,45,4.8,Good,Normal,SLA Breach,High,Escalate to operations
ORD006207,DRV0089,2026-05-18,Pune,524730,Failed,1,156,120,3.6,Poor,Normal,SLA Breach,High,Escalate to operations
ORD006224,DRV0215,2026-02-24,Pune,789462,Returned,1,69,30,4.4,Good,Normal,SLA Breach,High,Escalate to operations
ORD000754,DRV0036,2026-06-02,Ahmedabad,774266,Delivered,1,30,60,3.6,Missing,Normal,Address Issue,High,Verify delivery address
ORD000757,DRV0121,2026-03-06,Bengaluru,522691,Delivered,1,27,30,2.1,Good,Normal,Customer Experience Issue,High,Investigate customer issue
ORD000765,DRV0142,2026-03-16,Kolkata,724375,Delivered,2,125,90,3.7,Good,Normal,SLA Breach,High,Escalate to operations
ORD008262,DRV0021,2026-01-10,Pune,738195,Delivered,2,91,30,2.6,Good,Normal,SLA Breach,High,Escalate to operations
ORD008264,DRV0216,2026-02-04,Chennai,742513,Delivered,1,57,90,4.4,Missing,Normal,Address Issue,High,Verify delivery address
ORD008270,DRV0166,2026-03-01,Mumbai,704998,Delivered,1,156,120,4.8,Good,Normal,SLA Breach,High,Escalate to operations
ORD008271,DRV0193,2026-04-24,Chennai,544648,Returned,1,95,120,4.0,Missing,Normal,Address Issue,High,Verify delivery address
ORD008278,DRV0055,2026-04-20,Bengaluru,656115,Delivered,1,100,120,3.2,Missing,Normal,Address Issue,High,Verify delivery address
ORD008279,DRV0087,2026-06-29,Mumbai,641770,Delivered,1,27,45,1.1,Poor,Normal,Customer Experience Issue,High,Investigate customer issue
ORD008290,DRV0173,2026-06-20,Hyderabad,635915,Delivered,2,60,90,4.5,Missing,Normal,Address Issue,High,Verify delivery address
ORD008295,DRV0083,2026-01-26,Chennai,786221,Delivered,1,49,90,2.1,Good,Normal,Customer Experience Issue,High,Investigate customer issue
ORD006244,DRV0024,2026-03-30,Kolkata,575701,Delivered,1,132,90,4.4,Good,Normal,SLA Breach,High,Escalate to operations
ORD006334,DRV0214,2026-01-31,Chennai,644853,Failed,1,30,60,1.3,Good,Normal,Customer Experience Issue,High,Investigate customer issue
ORD006347,DRV0209,2026-04-25,Delhi,527366,Delivered,1,83,120,4.6,Missing,Normal,Address Issue,High,Verify delivery address
ORD006356,DRV0107,2026-06-11,Chennai,705414,Delivered,1,69,30,3.0,Poor,Normal,SLA Breach,High,Escalate to operations
ORD006361,DRV0081,2026-02-18,Hyderabad,663810,Delivered,1,22,30,2.3,Good,Normal,Customer Experience Issue,High,Investigate customer issue
ORD006366,DRV0084,2026-03-23,Chennai,500754,Delivered,3,21,30,4.8,Missing,Normal,Address Issue,High,Verify delivery address
ORD006272,DRV0126,2026-01-01,Hyderabad,781765,Delivered,1,32,60,2.7,Missing,Normal,Address Issue,High,Verify delivery address
ORD006283,DRV0054,2026-06-22,Bengaluru,521754,Delivered,1,103,90,4.1,Good,Normal,SLA Breach,High,Escalate to operations
ORD006286,DRV0035,2026-02-18,Kolkata,598275,Returned,2,31,60,3.8,Missing,Normal,Address Issue,High,Verify delivery address
ORD006290,DRV0187,2026-05-25,Bengaluru,712175,Returned,1,37,60,2.1,Good,Normal,Customer Experience Issue,High,Investigate customer issue
ORD006293,DRV0061,2026-02-12,Chennai,522290,Failed,1,146,120,2.9,Good,Normal,SLA Breach,High,Escalate to operations
ORD006296,DRV0230,2026-02-01,Bengaluru,755375,Delivered,1,133,90,4.8,Good,Normal,SLA Breach,High,Escalate to operations
ORD006305,DRV0124,2026-02-12,Kolkata,574074,Delivered,1,40,60,4.5,Missing,Normal,Address Issue,High,Verify delivery address
ORD006307,DRV0021,2026-06-28,Hyderabad,526457,Delivered,1,88,60,3.6,Good,Normal,SLA Breach,High,Escalate to operations
ORD006311,DRV0095,2026-03-28,Ahmedabad,741658,Delivered,1,25,45,4.2,Missing,Normal,Address Issue,High,Verify delivery address
ORD006314,DRV0184,2026-01-28,Pune,787917,Delivered,1,105,45,4.7,Good,Normal,SLA Breach,High,Escalate to operations
ORD006316,DRV0170,2026-01-18,Hyderabad,524758,Delivered,1,179,90,2.2,Good,Normal,SLA Breach,High,Escalate to operations
ORD006391,DRV0162,2026-03-10,Chennai,656712,Delivered,1,30,45,4.5,Missing,Normal,Address Issue,High,Verify delivery address
ORD006407,DRV0211,2026-06-22,Chennai,526206,Failed,1,32,60,4.3,Missing,Normal,Address Issue,High,Verify delivery address
ORD006414,DRV0023,2026-06-14,Bengaluru,524686,Delivered,1,34,45,4.2,Missing,Normal,Address Issue,High,Verify delivery address
ORD001296,DRV0171,2026-02-06,Pune,550319,Delivered,1,175,120,3.1,Missing,Normal,Address Issue,High,Verify delivery address
ORD001298,DRV0242,2026-04-24,Kolkata,773098,Delivered,2,33,60,3.3,Missing,Normal,Address Issue,High,Verify delivery address
ORD001300,DRV0206,2026-02-26,Bengaluru,538980,Delivered,1,38,60,2.4,Good,Normal,Customer Experience Issue,High,Investigate customer issue
ORD001307,DRV0076,2026-02-26,Bengaluru,558912,Delivered,1,116,90,1.2,Good,Normal,SLA Breach,High,Escalate to operations
ORD001308,DRV0030,2026-04-29,Chennai,667198,Returned,1,150,90,4.7,Good,Normal,SLA Breach,High,Escalate to operations
ORD001311,DRV0234,2026-03-10,Hyderabad,754544,Returned,1,19,30,3.1,Missing,Normal,Address Issue,High,Verify delivery address
ORD001321,DRV0124,2026-06-29,Pune,779552,Failed,1,22,30,1.8,Good,Normal,Customer Experience Issue,High,Investigate customer issue
ORD001323,DRV0123,2026-06-14,Bengaluru,662849,Delivered,1,68,30,3.7,Poor,Normal,SLA Breach,High,Escalate to operations
ORD001334,DRV0178,2026-05-18,Bengaluru,740435,Delivered,1,89,120,1.7,Poor,Normal,Customer Experience Issue,High,Investigate customer issue
ORD006317,DRV0203,2026-01-22,Ahmedabad,596386,Delivered,1,55,30,4.4,Good,Normal,SLA Breach,High,Escalate to operations
ORD006327,DRV0095,2026-06-10,Kolkata,628771,Delivered,1,66,120,1.7,Missing,Normal,Address Issue,High,Verify delivery address
ORD006328,DRV0216,2026-03-16,Mumbai,792303,Failed,1,24,30,1.5,Good,Normal,Customer Experience Issue,High,Investigate customer issue
ORD006329,DRV0186,2026-04-26,Chennai,731990,Failed,2,31,60,1.2,Good,Normal,Customer Experience Issue,High,Investigate customer issue
ORD006492,DRV0240,2026-02-11,Kolkata,742242,Returned,1,38,45,4.7,Missing,Normal,Address Issue,High,Verify delivery address
ORD006367,DRV0102,2026-04-29,Pune,510318,Delivered,1,87,120,2.0,Missing,Normal,Address Issue,High,Verify delivery address
ORD006371,DRV0241,2026-06-03,Mumbai,580434,Failed,1,179,90,2.7,Good,Normal,SLA Breach,High,Escalate to operations
ORD006379,DRV0103,2026-06-24,Bengaluru,728963,Delivered,1,16,30,3.7,Missing,Normal,Address Issue,High,Verify delivery address
ORD008170,DRV0003,2026-05-13,Hyderabad,558275,Delivered,2,57,60,1.8,Good,Normal,Customer Experience Issue,High,Investigate customer issue
ORD008195,DRV0102,2026-04-22,Hyderabad,739008,Delivered,1,137,60,4.6,Poor,Normal,SLA Breach,High,Escalate to operations
ORD008204,DRV0210,2026-06-01,Mumbai,509006,Delivered,1,173,90,4.1,Good,Normal,SLA Breach,High,Escalate to operations
ORD008212,DRV0235,2026-06-04,Mumbai,505235,Returned,1,29,45,4.9,Missing,Normal,Address Issue,High,Verify delivery address
ORD008215,DRV0077,2026-06-03,Delhi,532694,Delivered,2,27,30,1.1,Good,Normal,Customer Experience Issue,High,Investigate customer issue
ORD000769,DRV0092,2026-06-20,Ahmedabad,712044,Delivered,1,36,45,2.3,Good,Normal,Customer Experience Issue,High,Investigate customer issue
ORD000771,DRV0128,2026-02-15,Hyderabad,700609,Failed,1,31,45,1.5,Poor,Normal,Customer Experience Issue,High,Investigate customer issue
ORD000786,DRV0204,2026-06-16,Bengaluru,658254,Failed,2,115,90,3.1,Good,Normal,SLA Breach,High,Escalate to operations
ORD000789,DRV0240,2026-05-14,Hyderabad,605197,Delivered,1,128,45,2.6,Good,Normal,SLA Breach,High,Escalate to operations
ORD000792,DRV0125,2026-04-19,Kolkata,519400,Delivered,1,94,45,3.1,Good,Normal,SLA Breach,High,Escalate to operations
ORD006383,DRV0069,2026-06-20,Ahmedabad,760271,Delivered,2,134,90,4.7,Good,Normal,SLA Breach,High,Escalate to operations
ORD006388,DRV0241,2026-05-03,Pune,682017,Failed,1,44,60,1.4,Good,Normal,Customer Experience Issue,High,Investigate customer issue
ORD006526,DRV0031,2026-05-14,Kolkata,758959,Delivered,1,32,45,3.3,Missing,Normal,Address Issue,High,Verify delivery address
ORD006530,DRV0081,2026-05-26,Ahmedabad,728690,Delivered,3,72,60,3.0,Good,Normal,SLA Breach,High,Escalate to operations
ORD006542,DRV0230,2026-06-12,Ahmedabad,587418,Delivered,2,28,30,4.9,Missing,Normal,Address Issue,High,Verify delivery address
ORD006543,DRV0230,2026-03-05,Chennai,771358,Delivered,1,15,30,5.0,Missing,Normal,Address Issue,High,Verify delivery address
ORD001212,DRV0014,2026-03-20,Ahmedabad,502668,Delivered,1,15,30,3.5,Missing,Normal,Address Issue,High,Verify delivery address
ORD001238,DRV0083,2026-06-28,Bengaluru,735672,Delivered,1,95,120,1.0,Good,Normal,Customer Experience Issue,High,Investigate customer issue
ORD001239,DRV0065,2026-04-23,Ahmedabad,649993,Delivered,1,128,45,3.1,Poor,Normal,SLA Breach,High,Escalate to operations
ORD001243,DRV0113,2026-06-10,Kolkata,697194,Delivered,1,38,45,2.3,Good,Normal,Customer Experience Issue,High,Investigate customer issue
ORD001264,DRV0009,2026-01-07,Delhi,676275,Delivered,2,150,120,3.9,Good,Normal,SLA Breach,High,Escalate to operations
ORD001268,DRV0093,2026-06-18,Pune,631341,Returned,2,60,120,2.8,Missing,Normal,Address Issue,High,Verify delivery address
ORD001270,DRV0248,2026-05-03,Delhi,791823,Delivered,1,148,120,3.7,Good,Normal,SLA Breach,High,Escalate to operations
ORD006426,DRV0013,2026-06-05,Hyderabad,536422,Delivered,3,82,90,4.0,Missing,Normal,Address Issue,High,Verify delivery address
ORD006438,DRV0116,2026-03-21,Pune,566486,Delivered,1,157,90,3.2,Good,Normal,SLA Breach,High,Escalate to operations
ORD006458,DRV0184,2026-02-23,Hyderabad,569506,Delivered,1,148,120,4.2,Poor,Normal,SLA Breach,High,Escalate to operations
ORD006471,DRV0245,2026-04-11,Pune,518804,Delivered,2,42,45,1.9,Good,Normal,Customer Experience Issue,High,Investigate customer issue
ORD006478,DRV0117,2026-05-29,Pune,534501,Delivered,1,187,120,4.8,Good,Normal,SLA Breach,High,Escalate to operations
ORD006598,DRV0094,2026-05-03,Kolkata,539302,Delivered,1,55,90,4.8,Missing,Normal,Address Issue,High,Verify delivery address
ORD006608,DRV0163,2026-06-27,Mumbai,632215,Delivered,2,15,30,5.0,Missing,Normal,Address Issue,High,Verify delivery address
ORD006500,DRV0016,2026-06-20,Hyderabad,503746,Failed,2,165,90,4.8,Good,Normal,SLA Breach,High,Escalate to operations
ORD006508,DRV0091,2026-04-11,Mumbai,528197,Delivered,1,92,120,1.5,Good,Normal,Customer Experience Issue,High,Investigate customer issue
ORD006515,DRV0239,2026-05-11,Pune,693695,Failed,1,54,60,1.5,Poor,Normal,Customer Experience Issue,High,Investigate customer issue
ORD006518,DRV0125,2026-01-20,Delhi,669485,Returned,2,173,120,3.4,Good,Normal,SLA Breach,High,Escalate to operations
ORD000801,DRV0233,2026-03-07,Kolkata,657752,Delivered,2,31,45,1.4,Good,Normal,Customer Experience Issue,High,Investigate customer issue
ORD000804,DRV0108,2026-04-27,Delhi,514339,Delivered,1,42,45,1.6,Good,Normal,Customer Experience Issue,High,Investigate customer issue
ORD000811,DRV0192,2026-04-08,Ahmedabad,568261,Delivered,2,73,120,2.1,Good,Normal,Customer Experience Issue,High,Investigate customer issue
ORD008067,DRV0156,2026-02-28,Mumbai,684542,Failed,1,90,45,4.8,Good,Anomaly,SLA Breach,High,Escalate to operations
ORD008082,DRV0051,2026-05-06,Ahmedabad,625588,Failed,1,54,60,4.4,Missing,Normal,Address Issue,High,Verify delivery address
ORD008089,DRV0127,2026-03-06,Chennai,546515,Delivered,1,102,120,3.4,Missing,Normal,Address Issue,High,Verify delivery address
ORD008091,DRV0052,2026-01-03,Pune,690661,Delivered,1,48,60,3.4,Missing,Normal,Address Issue,High,Verify delivery address
ORD008112,DRV0035,2026-05-14,Hyderabad,590173,Delivered,1,174,90,4.4,Good,Normal,SLA Breach,High,Escalate to operations
ORD008118,DRV0180,2026-01-15,Ahmedabad,661030,Delivered,1,164,120,3.8,Good,Normal,SLA Breach,High,Escalate to operations
ORD006519,DRV0152,2026-06-15,Bengaluru,604610,Delivered,1,62,120,3.1,Missing,Normal,Address Issue,High,Verify delivery address
ORD006758,DRV0104,2026-02-01,Hyderabad,727870,Delivered,1,203,120,2.7,Good,Normal,SLA Breach,High,Escalate to operations
ORD006617,DRV0137,2026-02-25,Hyderabad,709696,Delivered,1,39,60,3.2,Missing,Normal,Address Issue,High,Verify delivery address
ORD006619,DRV0144,2026-01-19,Pune,642233,Failed,1,39,45,4.1,Missing,Normal,Address Issue,High,Verify delivery address
ORD006624,DRV0084,2026-02-21,Kolkata,540057,Delivered,1,85,120,2.7,Missing,Anomaly,Address Issue,High,Verify delivery address
ORD006628,DRV0074,2026-06-30,Pune,748917,Delivered,2,22,30,2.2,Good,Normal,Customer Experience Issue,High,Investigate customer issue
ORD006662,DRV0241,2026-02-06,Kolkata,595847,Delivered,1,55,60,2.7,Missing,Normal,Address Issue,High,Verify delivery address
ORD006666,DRV0022,2026-04-04,Ahmedabad,572743,Delivered,1,46,90,4.6,Missing,Normal,Address Issue,High,Verify delivery address
ORD006678,DRV0023,2026-02-07,Mumbai,688512,Delivered,1,64,90,4.3,Missing,Normal,Address Issue,High,Verify delivery address
ORD006686,DRV0174,2026-02-26,Ahmedabad,514959,Returned,1,104,90,3.1,Good,Normal,SLA Breach,High,Escalate to operations
ORD006691,DRV0017,2026-01-19,Ahmedabad,763610,Delivered,2,89,120,2.2,Good,Normal,Customer Experience Issue,High,Investigate customer issue
ORD006696,DRV0171,2026-02-14,Mumbai,760357,Returned,1,60,90,2.7,Missing,Normal,Address Issue,High,Verify delivery address
ORD006545,DRV0081,2026-02-21,Delhi,502498,Failed,1,27,45,1.1,Good,Normal,Customer Experience Issue,High,Investigate customer issue
ORD006552,DRV0200,2026-03-30,Pune,687267,Delivered,1,26,45,3.8,Missing,Normal,Address Issue,High,Verify delivery address
ORD006562,DRV0041,2026-03-09,Chennai,569641,Delivered,1,74,30,4.4,Good,Normal,SLA Breach,High,Escalate to operations
ORD006577,DRV0217,2026-03-11,Pune,643698,Failed,1,147,120,2.8,Good,Normal,SLA Breach,High,Escalate to operations
ORD006592,DRV0197,2026-05-04,Pune,584045,Delivered,1,174,90,4.8,Good,Normal,SLA Breach,High,Escalate to operations
ORD006726,DRV0028,2026-04-18,Kolkata,709743,Delivered,1,35,60,2.6,Missing,Normal,Address Issue,High,Verify delivery address
ORD006729,DRV0019,2026-01-09,Pune,724722,Delivered,1,70,90,4.0,Missing,Normal,Address Issue,High,Verify delivery address
ORD006747,DRV0010,2026-03-21,Hyderabad,594075,Delivered,1,28,30,3.1,Missing,Normal,Address Issue,High,Verify delivery address
ORD006750,DRV0154,2026-02-24,Hyderabad,668924,Delivered,1,153,90,2.8,Good,Anomaly,SLA Breach,High,Escalate to operations
ORD008146,DRV0099,2026-06-04,Kolkata,627158,Delivered,2,55,60,1.5,Missing,Normal,Address Issue,High,Verify delivery address
ORD008150,DRV0057,2026-03-07,Pune,657030,Failed,1,33,60,3.6,Missing,Normal,Address Issue,High,Verify delivery address
ORD007974,DRV0057,2026-05-01,Pune,740764,Returned,2,118,60,3.5,Poor,Normal,SLA Breach,High,Escalate to operations
ORD007976,DRV0038,2026-02-17,Bengaluru,554887,Delivered,1,156,90,1.2,Good,Normal,SLA Breach,High,Escalate to operations
ORD008007,DRV0240,2026-06-26,Hyderabad,653896,Returned,3,23,30,2.7,Missing,Normal,Address Issue,High,Verify delivery address
ORD008029,DRV0073,2026-01-22,Chennai,511965,Delivered,1,28,30,4.9,Missing,Normal,Address Issue,High,Verify delivery address
ORD008034,DRV0215,2026-06-02,Hyderabad,789019,Failed,2,84,45,3.9,Good,Normal,SLA Breach,High,Escalate to operations
ORD007896,DRV0015,2026-06-10,Kolkata,677587,Failed,2,84,60,3.8,Good,Normal,SLA Breach,High,Escalate to operations
ORD007903,DRV0074,2026-06-12,Hyderabad,781465,Delivered,1,20,30,1.9,Good,Normal,Customer Experience Issue,High,Investigate customer issue
ORD007907,DRV0013,2026-06-13,Hyderabad,592836,Returned,1,176,90,3.2,Good,Normal,SLA Breach,High,Escalate to operations
ORD006753,DRV0061,2026-05-26,Pune,699008,Delivered,1,37,45,3.6,Missing,Normal,Address Issue,High,Verify delivery address
ORD006757,DRV0066,2026-01-31,Kolkata,639943,Delivered,1,46,60,2.9,Missing,Normal,Address Issue,High,Verify delivery address
ORD006807,DRV0157,2026-05-26,Bengaluru,631843,Delivered,1,69,45,2.9,Missing,Normal,Address Issue,High,Verify delivery address
ORD006813,DRV0071,2026-01-02,Hyderabad,735779,Delivered,2,85,90,3.9,Missing,Normal,Address Issue,High,Verify delivery address
ORD006820,DRV0223,2026-02-28,Chennai,681619,Delivered,1,113,30,2.9,Good,Normal,SLA Breach,High,Escalate to operations
ORD006834,DRV0137,2026-04-22,Pune,772507,Delivered,1,187,120,3.4,Good,Normal,SLA Breach,High,Escalate to operations
ORD006835,DRV0054,2026-02-21,Chennai,775394,Delivered,2,66,45,2.7,Good,Normal,SLA Breach,High,Escalate to operations
ORD006856,DRV0122,2026-04-04,Mumbai,614811,Failed,1,122,60,2.5,Good,Normal,SLA Breach,High,Escalate to operations
ORD001141,DRV0191,2026-04-18,Mumbai,786306,Delivered,1,33,45,4.7,Missing,Normal,Address Issue,High,Verify delivery address
ORD001143,DRV0167,2026-04-16,Ahmedabad,715160,Delivered,1,87,120,4.2,Missing,Normal,Address Issue,High,Verify delivery address
ORD001151,DRV0040,2026-05-13,Delhi,666446,Delivered,1,87,120,1.6,Missing,Normal,Address Issue,High,Verify delivery address
ORD001152,DRV0050,2026-01-14,Kolkata,724973,Delivered,2,56,90,1.4,Good,Normal,Customer Experience Issue,High,Investigate customer issue
ORD001155,DRV0161,2026-01-08,Chennai,785040,Delivered,1,26,30,2.2,Good,Normal,Customer Experience Issue,High,Investigate customer issue
ORD001161,DRV0003,2026-06-18,Chennai,797425,Returned,1,16,30,4.6,Missing,Normal,Address Issue,High,Verify delivery address
ORD001166,DRV0237,2026-03-06,Mumbai,590680,Delivered,6,42,60,4.2,Missing,Anomaly,Address Issue,High,Verify delivery address
ORD001168,DRV0156,2026-04-20,Kolkata,604711,Failed,1,22,30,2.7,Missing,Normal,Address Issue,High,Verify delivery address
ORD001172,DRV0231,2026-05-24,Mumbai,534726,Delivered,1,38,45,4.2,Missing,Normal,Address Issue,High,Verify delivery address
ORD001174,DRV0051,2026-01-13,Mumbai,758963,Delivered,1,121,60,4.1,Good,Normal,SLA Breach,High,Escalate to operations
ORD006914,DRV0034,2026-01-12,Mumbai,579512,Delivered,1,118,45,3.8,Good,Normal,SLA Breach,High,Escalate to operations
ORD006774,DRV0198,2026-05-24,Kolkata,617578,Delivered,1,26,30,1.7,Good,Normal,Customer Experience Issue,High,Investigate customer issue
ORD007929,DRV0182,2026-06-30,Bengaluru,548849,Delivered,1,174,120,3.8,Good,Normal,SLA Breach,High,Escalate to operations
ORD007940,DRV0023,2026-05-11,Hyderabad,528025,Failed,1,15,30,4.1,Missing,Normal,Address Issue,High,Verify delivery address
ORD007946,DRV0130,2026-02-22,Kolkata,697040,Failed,1,75,45,2.9,Good,Normal,SLA Breach,High,Escalate to operations
ORD007953,DRV0088,2026-01-27,Chennai,583356,Delivered,1,35,45,1.7,Good,Normal,Customer Experience Issue,High,Investigate customer issue
ORD007954,DRV0011,2026-02-18,Ahmedabad,694438,Delivered,1,15,30,3.8,Missing,Normal,Address Issue,High,Verify delivery address
ORD007958,DRV0245,2026-01-29,Mumbai,580929,Delivered,2,98,30,3.2,Good,Normal,SLA Breach,High,Escalate to operations
ORD007966,DRV0137,2026-06-15,Pune,744382,Delivered,1,62,30,4.0,Good,Normal,SLA Breach,High,Escalate to operations
ORD000846,DRV0183,2026-05-16,Hyderabad,509971,Delivered,1,64,120,4.7,Missing,Normal,Address Issue,High,Verify delivery address
ORD000849,DRV0236,2026-02-03,Ahmedabad,653822,Returned,1,68,90,3.2,Missing,Normal,Address Issue,High,Verify delivery address
ORD000853,DRV0031,2026-05-05,Mumbai,635173,Delivered,2,27,30,2.2,Poor,Normal,Customer Experience Issue,High,Investigate customer issue
ORD000855,DRV0250,2026-06-06,Bengaluru,553408,Failed,1,17,30,2.3,Good,Normal,Customer Experience Issue,High,Investigate customer issue
ORD000865,DRV0100,2026-05-14,Chennai,783529,Delivered,1,95,120,2.1,Good,Normal,Customer Experience Issue,High,Investigate customer issue
ORD000867,DRV0188,2026-04-06,Hyderabad,636187,Returned,1,15,30,4.0,Missing,Normal,Address Issue,High,Verify delivery address
ORD000869,DRV0090,2026-03-14,Pune,573385,Returned,1,25,45,4.3,Missing,Normal,Address Issue,High,Verify delivery address
ORD007807,DRV0129,2026-02-14,Hyderabad,700275,Delivered,2,98,60,3.6,Good,Normal,SLA Breach,High,Escalate to operations
ORD007055,DRV0138,2026-03-04,Delhi,542044,Delivered,1,185,120,3.4,Good,Normal,SLA Breach,High,Escalate to operations
ORD006924,DRV0065,2026-06-08,Ahmedabad,709904,Delivered,1,39,60,4.0,Missing,Normal,Address Issue,High,Verify delivery address
ORD006932,DRV0181,2026-06-28,Chennai,735339,Failed,1,26,45,4.2,Missing,Normal,Address Issue,High,Verify delivery address
ORD006949,DRV0214,2026-06-10,Kolkata,659990,Returned,1,58,90,3.7,Missing,Normal,Address Issue,High,Verify delivery address
ORD006970,DRV0236,2026-02-08,Hyderabad,625513,Delivered,1,156,90,2.9,Good,Normal,SLA Breach,High,Escalate to operations
ORD006975,DRV0202,2026-01-06,Bengaluru,709272,Returned,1,45,90,2.6,Missing,Normal,Address Issue,High,Verify delivery address
ORD006998,DRV0108,2026-03-14,Mumbai,646453,Delivered,1,25,45,1.1,Good,Normal,Customer Experience Issue,High,Investigate customer issue
ORD006860,DRV0203,2026-01-31,Chennai,739909,Returned,2,67,90,1.5,Poor,Normal,Customer Experience Issue,High,Investigate customer issue
ORD006870,DRV0233,2026-05-20,Hyderabad,733252,Failed,2,131,45,3.4,Good,Normal,SLA Breach,High,Escalate to operations
ORD006873,DRV0066,2026-06-16,Hyderabad,793019,Delivered,1,38,45,3.4,Missing,Normal,Address Issue,High,Verify delivery address
ORD006874,DRV0026,2026-04-28,Bengaluru,666397,Delivered,2,22,45,4.3,Missing,Normal,Address Issue,High,Verify delivery address
ORD006883,DRV0244,2026-06-23,Hyderabad,739607,Delivered,1,79,60,3.1,Good,Normal,SLA Breach,High,Escalate to operations
ORD006886,DRV0139,2026-05-06,Hyderabad,621793,Returned,1,116,30,4.0,Good,Normal,SLA Breach,High,Escalate to operations
ORD006890,DRV0026,2026-03-08,Chennai,676258,Returned,1,42,45,4.8,Missing,Normal,Address Issue,High,Verify delivery address
ORD006900,DRV0154,2026-02-06,Bengaluru,741490,Delivered,1,20,30,2.4,Good,Normal,Customer Experience Issue,High,Investigate customer issue
ORD007027,DRV0123,2026-01-29,Mumbai,541003,Failed,1,145,90,1.5,Good,Normal,SLA Breach,High,Escalate to operations
ORD007031,DRV0184,2026-04-21,Kolkata,544946,Delivered,1,127,45,3.6,Good,Normal,SLA Breach,High,Escalate to operations
ORD007038,DRV0149,2026-03-22,Chennai,750702,Delivered,1,118,45,4.0,Poor,Normal,SLA Breach,High,Escalate to operations
ORD007043,DRV0137,2026-01-04,Mumbai,788147,Delivered,2,77,30,4.6,Poor,Normal,SLA Breach,High,Escalate to operations
ORD007049,DRV0209,2026-06-07,Ahmedabad,723819,Delivered,1,74,90,3.9,Missing,Normal,Address Issue,High,Verify delivery address
ORD007836,DRV0018,2026-05-20,Mumbai,719280,Delivered,1,76,90,3.9,Missing,Normal,Address Issue,High,Verify delivery address
ORD007845,DRV0120,2026-05-03,Delhi,518778,Failed,1,26,30,2.8,Missing,Normal,Address Issue,High,Verify delivery address
ORD007870,DRV0082,2026-05-06,Chennai,736801,Returned,1,131,60,3.9,Good,Normal,SLA Breach,High,Escalate to operations
ORD007872,DRV0015,2026-03-05,Kolkata,585372,Delivered,4,68,45,3.9,Poor,Normal,SLA Breach,High,Escalate to operations
ORD007882,DRV0028,2026-04-07,Chennai,768632,Delivered,2,156,90,3.7,Good,Normal,SLA Breach,High,Escalate to operations
ORD007887,DRV0151,2026-02-04,Bengaluru,776540,Returned,1,65,90,4.2,Missing,Normal,Address Issue,High,Verify delivery address
ORD007888,DRV0049,2026-05-06,Mumbai,724324,Returned,1,59,90,4.3,Missing,Normal,Address Issue,High,Verify delivery address
ORD007895,DRV0223,2026-01-02,Kolkata,527318,Delivered,1,60,120,4.9,Missing,Normal,Address Issue,High,Verify delivery address
ORD007790,DRV0006,2026-03-28,Hyderabad,675761,Failed,2,24,30,4.2,Missing,Anomaly,Address Issue,High,Verify delivery address
ORD007795,DRV0004,2026-04-08,Bengaluru,540977,Delivered,1,18,30,4.5,Missing,Normal,Address Issue,High,Verify delivery address
ORD007804,DRV0159,2026-06-27,Ahmedabad,720949,Delivered,2,45,90,3.5,Missing,Normal,Address Issue,High,Verify delivery address
ORD007108,DRV0074,2026-06-21,Bengaluru,625540,Delivered,1,71,30,4.0,Good,Normal,SLA Breach,High,Escalate to operations
ORD007117,DRV0134,2026-03-27,Pune,642370,Delivered,1,52,60,2.7,Missing,Normal,Address Issue,High,Verify delivery address
ORD007119,DRV0243,2026-05-21,Kolkata,623424,Delivered,1,28,30,2.6,Missing,Normal,Address Issue,High,Verify delivery address
ORD007121,DRV0032,2026-02-15,Pune,678028,Delivered,1,35,45,4.5,Missing,Normal,Address Issue,High,Verify delivery address
ORD001078,DRV0147,2026-06-01,Mumbai,504645,Failed,1,76,120,2.3,Good,Normal,Customer Experience Issue,High,Investigate customer issue
ORD001079,DRV0076,2026-05-22,Pune,562444,Delivered,1,75,120,1.6,Good,Normal,Customer Experience Issue,High,Investigate customer issue
ORD001087,DRV0080,2026-02-15,Chennai,706672,Returned,1,17,30,3.8,Missing,Normal,Address Issue,High,Verify delivery address
ORD001088,DRV0063,2026-06-15,Ahmedabad,711028,Delivered,1,22,45,1.3,Poor,Normal,Customer Experience Issue,High,Investigate customer issue
ORD001099,DRV0209,2026-01-29,Bengaluru,724108,Returned,1,20,30,2.2,Good,Normal,Customer Experience Issue,High,Investigate customer issue
ORD001102,DRV0099,2026-05-29,Bengaluru,721166,Failed,1,130,45,4.8,Good,Normal,SLA Breach,High,Escalate to operations
ORD001104,DRV0093,2026-03-17,Chennai,741376,Delivered,2,133,120,3.8,Good,Normal,SLA Breach,High,Escalate to operations
ORD001112,DRV0103,2026-02-26,Hyderabad,705673,Delivered,2,98,120,4.5,Missing,Normal,Address Issue,High,Verify delivery address
ORD001131,DRV0022,2026-01-28,Chennai,708113,Delivered,1,104,60,3.1,Good,Normal,SLA Breach,High,Escalate to operations
ORD007010,DRV0054,2026-02-06,Pune,500668,Returned,1,89,120,4.9,Missing,Normal,Address Issue,High,Verify delivery address
ORD007013,DRV0061,2026-03-09,Hyderabad,704249,Returned,1,34,45,2.1,Good,Normal,Customer Experience Issue,High,Investigate customer issue
ORD007015,DRV0205,2026-06-29,Kolkata,585822,Delivered,2,23,45,1.5,Poor,Normal,Customer Experience Issue,High,Investigate customer issue
ORD007068,DRV0051,2026-03-04,Chennai,596153,Delivered,1,59,45,1.2,Good,Normal,SLA Breach,High,Escalate to operations
ORD007814,DRV0185,2026-06-09,Chennai,677001,Delivered,1,151,120,4.6,Good,Normal,SLA Breach,High,Escalate to operations
ORD007815,DRV0042,2026-02-12,Chennai,614419,Delivered,3,35,60,4.6,Missing,Normal,Address Issue,High,Verify delivery address
ORD007817,DRV0021,2026-01-05,Chennai,698580,Returned,1,40,45,1.4,Good,Normal,Customer Experience Issue,High,Investigate customer issue
ORD007819,DRV0138,2026-06-28,Ahmedabad,773601,Failed,1,15,30,4.7,Missing,Normal,Address Issue,High,Verify delivery address
ORD007822,DRV0016,2026-06-13,Kolkata,785275,Delivered,1,169,120,4.0,Good,Normal,SLA Breach,High,Escalate to operations
ORD007824,DRV0240,2026-03-03,Ahmedabad,590060,Failed,1,89,120,3.2,Missing,Normal,Address Issue,High,Verify delivery address
ORD007830,DRV0152,2026-03-13,Bengaluru,590268,Returned,2,83,120,4.2,Missing,Normal,Address Issue,High,Verify delivery address
ORD000877,DRV0228,2026-02-25,Pune,595985,Returned,1,23,30,1.8,Good,Normal,Customer Experience Issue,High,Investigate customer issue
ORD000881,DRV0166,2026-02-12,Bengaluru,513004,Failed,1,141,60,4.3,Good,Normal,SLA Breach,High,Escalate to operations
ORD000882,DRV0050,2026-05-26,Hyderabad,773549,Delivered,2,136,120,2.5,Good,Normal,SLA Breach,High,Escalate to operations
ORD000897,DRV0118,2026-01-05,Delhi,570110,Returned,2,90,120,1.1,Good,Normal,Customer Experience Issue,High,Investigate customer issue
ORD000907,DRV0133,2026-02-27,Hyderabad,524623,Delivered,2,145,120,4.6,Good,Normal,SLA Breach,High,Escalate to operations
ORD000922,DRV0158,2026-04-18,Pune,672291,Delivered,1,22,30,3.0,Missing,Normal,Address Issue,High,Verify delivery address
ORD007072,DRV0093,2026-06-03,Mumbai,585106,Failed,1,83,45,4.7,Good,Normal,SLA Breach,High,Escalate to operations
ORD007097,DRV0190,2026-02-02,Chennai,579874,Returned,1,142,60,2.2,Good,Normal,SLA Breach,High,Escalate to operations
ORD007249,DRV0055,2026-04-20,Mumbai,644346,Delivered,2,93,60,3.4,Poor,Normal,SLA Breach,High,Escalate to operations
ORD007253,DRV0011,2026-05-04,Hyderabad,566745,Failed,1,194,120,5.0,Good,Normal,SLA Breach,High,Escalate to operations
ORD007256,DRV0031,2026-02-16,Bengaluru,543781,Delivered,1,49,60,3.5,Missing,Normal,Address Issue,High,Verify delivery address
ORD001011,DRV0058,2026-01-30,Pune,652555,Delivered,1,133,60,3.0,Poor,Normal,SLA Breach,High,Escalate to operations
ORD001012,DRV0191,2026-05-27,Bengaluru,692800,Delivered,2,141,90,3.7,Good,Normal,SLA Breach,High,Escalate to operations
ORD001022,DRV0186,2026-06-23,Bengaluru,577387,Delivered,3,55,90,2.9,Missing,Normal,Address Issue,High,Verify delivery address
ORD001045,DRV0113,2026-04-30,Delhi,763312,Delivered,1,78,90,1.2,Good,Normal,Customer Experience Issue,High,Investigate customer issue
ORD001063,DRV0187,2026-03-05,Chennai,647397,Delivered,2,106,45,3.0,Good,Anomaly,SLA Breach,High,Escalate to operations
ORD001066,DRV0024,2026-04-08,Hyderabad,713541,Failed,1,29,45,3.2,Missing,Normal,Address Issue,High,Verify delivery address
ORD007139,DRV0041,2026-04-18,Kolkata,572640,Delivered,1,136,90,4.9,Good,Normal,SLA Breach,High,Escalate to operations
ORD007148,DRV0129,2026-02-14,Pune,549002,Delivered,3,87,45,3.6,Good,Normal,SLA Breach,High,Escalate to operations
ORD007172,DRV0221,2026-06-01,Ahmedabad,784130,Failed,1,104,120,4.5,Missing,Normal,Address Issue,High,Verify delivery address
ORD007173,DRV0026,2026-05-23,Bengaluru,761920,Delivered,3,89,120,3.0,Missing,Normal,Address Issue,High,Verify delivery address
ORD007185,DRV0012,2026-05-18,Mumbai,560444,Delivered,1,113,90,4.5,Good,Normal,SLA Breach,High,Escalate to operations
ORD007186,DRV0147,2026-06-28,Kolkata,596453,Returned,2,40,45,3.3,Missing,Normal,Address Issue,High,Verify delivery address
ORD007188,DRV0052,2026-04-24,Chennai,567851,Delivered,2,21,30,4.3,Missing,Normal,Address Issue,High,Verify delivery address
ORD007764,DRV0045,2026-01-08,Bengaluru,783874,Delivered,1,94,120,1.4,Poor,Normal,Customer Experience Issue,High,Investigate customer issue
ORD007776,DRV0052,2026-05-05,Hyderabad,743077,Failed,2,25,30,2.8,Missing,Normal,Address Issue,High,Verify delivery address
ORD007289,DRV0063,2026-06-20,Kolkata,528260,Delivered,1,89,120,2.1,Good,Normal,Customer Experience Issue,High,Investigate customer issue
ORD007290,DRV0086,2026-01-06,Pune,674942,Delivered,3,115,30,2.9,Poor,Normal,SLA Breach,High,Escalate to operations
ORD007310,DRV0131,2026-04-23,Pune,527073,Failed,2,52,30,4.6,Good,Normal,SLA Breach,High,Escalate to operations
ORD007317,DRV0118,2026-05-11,Hyderabad,640346,Delivered,1,83,60,3.7,Good,Normal,SLA Breach,High,Escalate to operations
ORD007321,DRV0002,2026-06-14,Ahmedabad,720910,Delivered,1,19,30,3.8,Missing,Normal,Address Issue,High,Verify delivery address
ORD007322,DRV0230,2026-02-12,Ahmedabad,583939,Delivered,1,100,60,3.8,Poor,Normal,SLA Breach,High,Escalate to operations
ORD007325,DRV0061,2026-05-01,Ahmedabad,736614,Delivered,1,27,30,1.4,Good,Normal,Customer Experience Issue,High,Investigate customer issue
ORD007333,DRV0141,2026-04-03,Hyderabad,738932,Delivered,3,87,30,3.3,Good,Normal,SLA Breach,High,Escalate to operations
ORD007196,DRV0073,2026-01-23,Mumbai,523293,Delivered,1,26,45,3.2,Missing,Normal,Address Issue,High,Verify delivery address
ORD007197,DRV0230,2026-04-14,Mumbai,747333,Returned,2,15,30,2.4,Poor,Normal,Customer Experience Issue,High,Investigate customer issue
ORD007204,DRV0003,2026-04-15,Pune,646098,Delivered,1,63,90,4.3,Missing,Normal,Address Issue,High,Verify delivery address
ORD007221,DRV0079,2026-04-12,Kolkata,614403,Failed,1,199,120,1.8,Good,Normal,SLA Breach,High,Escalate to operations
ORD007223,DRV0159,2026-06-02,Pune,745145,Delivered,2,67,90,2.4,Good,Normal,Customer Experience Issue,High,Investigate customer issue
ORD007239,DRV0211,2026-06-17,Bengaluru,719372,Delivered,1,67,120,2.2,Good,Normal,Customer Experience Issue,High,Investigate customer issue
ORD001003,DRV0223,2026-06-29,Pune,630305,Delivered,1,77,90,3.3,Missing,Normal,Address Issue,High,Verify delivery address
ORD007345,DRV0244,2026-05-03,Hyderabad,672755,Delivered,1,203,120,4.5,Good,Normal,SLA Breach,High,Escalate to operations
ORD007347,DRV0228,2026-01-16,Kolkata,546832,Returned,1,15,30,4.3,Missing,Normal,Address Issue,High,Verify delivery address
ORD007348,DRV0202,2026-03-11,Delhi,535340,Returned,1,67,90,3.1,Missing,Normal,Address Issue,High,Verify delivery address
ORD007352,DRV0139,2026-03-08,Delhi,742537,Delivered,1,66,45,2.9,Poor,Normal,SLA Breach,High,Escalate to operations
ORD007383,DRV0086,2026-04-02,Kolkata,767122,Delivered,1,106,120,2.0,Good,Normal,Customer Experience Issue,High,Investigate customer issue
ORD007385,DRV0117,2026-06-16,Mumbai,590364,Delivered,1,41,60,3.2,Missing,Normal,Address Issue,High,Verify delivery address
ORD000923,DRV0164,2026-06-27,Mumbai,620729,Delivered,1,84,45,3.0,Good,Normal,SLA Breach,High,Escalate to operations
ORD000925,DRV0037,2026-04-23,Pune,601923,Returned,1,31,60,4.1,Missing,Normal,Address Issue,High,Verify delivery address
ORD000929,DRV0241,2026-01-17,Kolkata,562124,Delivered,2,28,45,3.6,Missing,Normal,Address Issue,High,Verify delivery address
ORD000934,DRV0164,2026-02-23,Hyderabad,615094,Delivered,1,124,45,5.0,Good,Normal,SLA Breach,High,Escalate to operations
ORD007713,DRV0248,2026-06-01,Chennai,646402,Delivered,2,56,60,4.8,Missing,Normal,Address Issue,High,Verify delivery address
ORD007743,DRV0073,2026-01-01,Ahmedabad,604390,Delivered,1,87,30,4.3,Good,Normal,SLA Breach,High,Escalate to operations
ORD007745,DRV0031,2026-04-04,Hyderabad,611498,Failed,1,137,120,4.3,Good,Normal,SLA Breach,High,Escalate to operations
ORD007749,DRV0194,2026-01-02,Bengaluru,717567,Delivered,2,194,120,3.8,Poor,Normal,SLA Breach,High,Escalate to operations
ORD007760,DRV0174,2026-05-16,Delhi,725115,Delivered,1,26,45,4.6,Missing,Normal,Address Issue,High,Verify delivery address
ORD000966,DRV0211,2026-06-24,Mumbai,533120,Delivered,3,27,30,2.2,Good,Normal,Customer Experience Issue,High,Investigate customer issue
ORD000968,DRV0241,2026-01-31,Kolkata,621848,Delivered,1,35,60,1.8,Good,Normal,Customer Experience Issue,High,Investigate customer issue
ORD000969,DRV0168,2026-01-04,Delhi,704045,Delivered,6,42,30,4.4,Good,Normal,SLA Breach,High,Escalate to operations
ORD000973,DRV0129,2026-03-01,Hyderabad,511121,Failed,2,19,30,4.8,Missing,Normal,Address Issue,High,Verify delivery address
ORD000976,DRV0072,2026-06-14,Delhi,520765,Failed,2,63,90,1.7,Good,Normal,Customer Experience Issue,High,Investigate customer issue
ORD007777,DRV0234,2026-04-03,Bengaluru,602285,Delivered,1,165,120,2.6,Good,Normal,SLA Breach,High,Escalate to operations
ORD007788,DRV0115,2026-05-01,Mumbai,624422,Delivered,1,62,120,4.9,Missing,Normal,Address Issue,High,Verify delivery address
ORD007660,DRV0006,2026-05-16,Pune,695409,Returned,2,17,30,1.2,Good,Normal,Customer Experience Issue,High,Investigate customer issue
ORD007663,DRV0143,2026-05-11,Mumbai,578099,Delivered,1,16,30,2.9,Missing,Normal,Address Issue,High,Verify delivery address
ORD007669,DRV0021,2026-03-26,Mumbai,740413,Delivered,2,24,30,4.5,Missing,Normal,Address Issue,High,Verify delivery address
ORD007673,DRV0245,2026-04-18,Chennai,639481,Delivered,2,61,45,4.3,Good,Normal,SLA Breach,High,Escalate to operations
ORD007677,DRV0003,2026-02-22,Ahmedabad,790217,Returned,1,39,60,3.3,Missing,Anomaly,Address Issue,High,Verify delivery address
ORD007681,DRV0034,2026-04-04,Pune,603450,Delivered,2,54,60,4.8,Missing,Normal,Address Issue,High,Verify delivery address
ORD007697,DRV0244,2026-02-12,Bengaluru,526030,Delivered,1,108,30,3.6,Poor,Normal,SLA Breach,High,Escalate to operations
ORD000986,DRV0126,2026-04-17,Kolkata,706910,Returned,1,64,90,4.0,Missing,Normal,Address Issue,High,Verify delivery address
ORD001002,DRV0001,2026-06-28,Ahmedabad,710663,Returned,2,22,45,3.4,Missing,Normal,Address Issue,High,Verify delivery address
ORD007505,DRV0212,2026-05-18,Mumbai,574599,Delivered,1,32,45,1.5,Good,Normal,Customer Experience Issue,High,Investigate customer issue
ORD007512,DRV0011,2026-01-30,Hyderabad,672622,Returned,1,30,45,4.1,Missing,Normal,Address Issue,High,Verify delivery address
ORD007521,DRV0193,2026-03-04,Bengaluru,585790,Delivered,1,22,45,2.3,Good,Normal,Customer Experience Issue,High,Investigate customer issue
ORD007534,DRV0198,2026-04-05,Ahmedabad,615392,Failed,1,95,120,1.0,Good,Normal,Customer Experience Issue,High,Investigate customer issue
ORD007535,DRV0116,2026-01-03,Kolkata,515118,Returned,1,47,90,2.7,Missing,Normal,Address Issue,High,Verify delivery address
ORD007418,DRV0128,2026-06-29,Mumbai,627566,Failed,5,84,30,3.3,Good,Normal,SLA Breach,High,Escalate to operations
ORD007421,DRV0187,2026-02-07,Chennai,672459,Delivered,1,74,90,3.3,Missing,Normal,Address Issue,High,Verify delivery address
ORD007424,DRV0050,2026-02-01,Hyderabad,628930,Returned,1,78,45,4.7,Poor,Normal,SLA Breach,High,Escalate to operations
ORD007431,DRV0113,2026-02-14,Mumbai,503860,Delivered,1,68,120,2.8,Missing,Normal,Address Issue,High,Verify delivery address
ORD007432,DRV0069,2026-02-26,Bengaluru,520717,Returned,1,71,30,2.7,Poor,Normal,SLA Breach,High,Escalate to operations
ORD007433,DRV0082,2026-01-15,Ahmedabad,646486,Delivered,1,166,90,4.5,Good,Normal,SLA Breach,High,Escalate to operations
ORD007435,DRV0058,2026-05-28,Chennai,695404,Delivered,1,64,45,4.9,Good,Normal,SLA Breach,High,Escalate to operations
ORD007436,DRV0225,2026-01-31,Chennai,613920,Failed,1,39,45,4.9,Missing,Normal,Address Issue,High,Verify delivery address
ORD007442,DRV0062,2026-06-20,Hyderabad,555629,Failed,2,63,30,5.0,Good,Normal,SLA Breach,High,Escalate to operations
ORD007445,DRV0098,2026-06-15,Chennai,515565,Returned,1,186,120,4.1,Good,Normal,SLA Breach,High,Escalate to operations
ORD000965,DRV0238,2026-04-06,Mumbai,625063,Delivered,1,46,90,4.6,Missing,Normal,Address Issue,High,Verify delivery address
ORD007641,DRV0121,2026-04-21,Kolkata,569094,Delivered,1,51,90,1.5,Good,Normal,Customer Experience Issue,High,Investigate customer issue
ORD007537,DRV0162,2026-06-24,Mumbai,613356,Failed,1,26,30,2.2,Good,Normal,Customer Experience Issue,High,Investigate customer issue
ORD007556,DRV0114,2026-01-31,Ahmedabad,701240,Delivered,1,49,60,4.0,Missing,Normal,Address Issue,High,Verify delivery address
ORD007557,DRV0153,2026-02-06,Kolkata,743598,Failed,2,16,30,2.8,Missing,Normal,Address Issue,High,Verify delivery address
ORD007559,DRV0165,2026-06-21,Hyderabad,768878,Delivered,1,106,120,1.3,Poor,Normal,Customer Experience Issue,High,Investigate customer issue
ORD007579,DRV0244,2026-01-05,Hyderabad,635454,Delivered,1,27,30,2.6,Missing,Normal,Address Issue,High,Verify delivery address
ORD007584,DRV0249,2026-04-11,Chennai,509439,Returned,1,55,90,2.2,Poor,Normal,Customer Experience Issue,High,Investigate customer issue
ORD007588,DRV0050,2026-06-01,Delhi,536178,Delivered,1,154,120,4.7,Good,Normal,SLA Breach,High,Escalate to operations
ORD007593,DRV0237,2026-03-15,Delhi,647566,Delivered,2,96,60,3.1,Good,Normal,SLA Breach,High,Escalate to operations
ORD007456,DRV0181,2026-05-21,Ahmedabad,534069,Delivered,2,93,30,4.2,Good,Normal,SLA Breach,High,Escalate to operations
ORD007465,DRV0047,2026-01-19,Mumbai,551327,Delivered,2,164,120,4.8,Good,Normal,SLA Breach,High,Escalate to operations
ORD007472,DRV0058,2026-02-26,Kolkata,500240,Delivered,2,124,60,3.5,Good,Normal,SLA Breach,High,Escalate to operations
ORD007474,DRV0184,2026-05-26,Kolkata,649796,Delivered,1,125,90,3.1,Good,Normal,SLA Breach,High,Escalate to operations
ORD007475,DRV0159,2026-06-26,Chennai,764471,Delivered,1,84,120,4.4,Missing,Normal,Address Issue,High,Verify delivery address
ORD007480,DRV0238,2026-02-28,Chennai,663157,Delivered,1,193,120,3.6,Poor,Normal,SLA Breach,High,Escalate to operations
ORD007488,DRV0128,2026-06-09,Bengaluru,574306,Delivered,1,69,90,1.1,Missing,Normal,Address Issue,High,Verify delivery address
ORD009881,DRV0245,2026-06-22,Bengaluru,588193,Delivered,1,67,90,1.8,Good,Normal,Customer Experience Issue,High,Investigate customer issue
ORD009897,DRV0118,2026-02-24,Mumbai,769239,Delivered,1,112,60,4.0,Good,Normal,SLA Breach,High,Escalate to operations
ORD002651,DRV0100,2026-06-08,Bengaluru,677711,Returned,1,86,60,4.5,Missing,Normal,Address Issue,High,Verify delivery address
ORD002661,DRV0170,2026-03-07,Delhi,643316,Returned,1,23,45,3.0,Missing,Normal,Address Issue,High,Verify delivery address
ORD002683,DRV0036,2026-03-18,Mumbai,759335,Returned,1,192,120,4.1,Good,Normal,SLA Breach,High,Escalate to operations
ORD002474,DRV0073,2026-06-29,Mumbai,558985,Failed,1,121,45,4.7,Good,Normal,SLA Breach,High,Escalate to operations
ORD002510,DRV0226,2026-06-07,Delhi,788380,Delivered,1,169,120,4.2,Poor,Normal,SLA Breach,High,Escalate to operations
ORD002517,DRV0043,2026-01-20,Chennai,694722,Delivered,2,41,45,4.3,Missing,Normal,Address Issue,High,Verify delivery address
ORD002522,DRV0236,2026-06-01,Chennai,723742,Delivered,1,61,120,4.0,Missing,Normal,Address Issue,High,Verify delivery address
ORD009908,DRV0192,2026-03-26,Bengaluru,619982,Delivered,1,161,90,2.8,Good,Normal,SLA Breach,High,Escalate to operations
ORD009922,DRV0104,2026-03-05,Pune,514668,Delivered,1,63,120,3.8,Missing,Normal,Address Issue,High,Verify delivery address
ORD009923,DRV0132,2026-01-05,Bengaluru,583412,Delivered,1,81,60,3.1,Good,Normal,SLA Breach,High,Escalate to operations
ORD009954,DRV0124,2026-01-01,Bengaluru,593800,Returned,2,60,90,1.3,Good,Normal,Customer Experience Issue,High,Investigate customer issue
ORD009967,DRV0069,2026-04-04,Delhi,799189,Delivered,1,43,60,4.5,Missing,Normal,Address Issue,High,Verify delivery address
ORD000176,DRV0017,2026-05-08,Bengaluru,781046,Delivered,1,75,120,3.0,Missing,Normal,Address Issue,High,Verify delivery address
ORD000181,DRV0208,2026-01-17,Chennai,739955,Delivered,1,114,30,3.2,Missing,Normal,Address Issue,High,Verify delivery address
ORD000066,DRV0244,2026-02-27,Delhi,535975,Returned,1,68,30,3.4,Good,Normal,SLA Breach,High,Escalate to operations
ORD000055,DRV0013,2026-02-01,Mumbai,739317,Delivered,2,95,120,3.8,Missing,Normal,Address Issue,High,Verify delivery address
ORD000042,DRV0237,2026-02-11,Mumbai,592826,Delivered,1,140,60,3.8,Good,Normal,SLA Breach,High,Escalate to operations
ORD003137,DRV0180,2026-06-27,Mumbai,621402,Delivered,1,156,120,4.4,Good,Normal,SLA Breach,High,Escalate to operations
ORD000541,DRV0162,2026-05-15,Kolkata,779856,Delivered,2,142,90,3.5,Good,Normal,SLA Breach,High,Escalate to operations
ORD009999,DRV0146,2026-01-14,Ahmedabad,692598,Returned,2,113,45,4.1,Poor,Normal,SLA Breach,High,Escalate to operations
ORD009976,DRV0125,2026-04-14,Kolkata,759409,Delivered,1,203,120,2.3,Good,Anomaly,SLA Breach,High,Escalate to operations
ORD009974,DRV0094,2026-05-23,Pune,599278,Delivered,1,87,120,1.2,Good,Normal,Customer Experience Issue,High,Investigate customer issue
ORD000149,DRV0112,2026-04-28,Hyderabad,540822,Delivered,1,85,120,2.6,Missing,Normal,Address Issue,High,Verify delivery address
ORD000141,DRV0156,2026-01-08,Pune,594589,Delivered,1,40,60,1.7,Good,Normal,Customer Experience Issue,High,Investigate customer issue
ORD000106,DRV0223,2026-01-20,Chennai,746148,Delivered,1,111,90,3.9,Good,Normal,SLA Breach,High,Escalate to operations
ORD000155,DRV0222,2026-02-08,Delhi,730562,Delivered,1,55,60,3.8,Good,Anomaly,Route Issue,Medium,Review route assignment
ORD000157,DRV0166,2026-06-07,Bengaluru,765849,Delivered,5,110,120,4.7,Good,Normal,Driver/Attempt Issue,Medium,Investigate delivery attempts
ORD000160,DRV0094,2026-03-14,Delhi,703117,Delivered,6,63,120,2.5,Good,Normal,Driver/Attempt Issue,Medium,Investigate delivery attempts
ORD009983,DRV0175,2026-04-12,Ahmedabad,588651,Delivered,6,50,60,4.9,Good,Normal,Driver/Attempt Issue,Medium,Investigate delivery attempts
ORD009993,DRV0236,2026-02-11,Mumbai,532174,Delivered,2,50,90,4.1,Good,Anomaly,Route Issue,Medium,Review route assignment
ORD003208,DRV0090,2026-03-23,Kolkata,519241,Delivered,6,39,60,3.7,Poor,Normal,Driver/Attempt Issue,Medium,Investigate delivery attempts
ORD000708,DRV0046,2026-04-06,Kolkata,571515,Delivered,1,38,60,3.0,Good,Anomaly,Route Issue,Medium,Review route assignment
ORD009905,DRV0225,2026-02-17,Mumbai,557716,Delivered,5,111,120,4.7,Good,Normal,Driver/Attempt Issue,Medium,Investigate delivery attempts
ORD009907,DRV0215,2026-01-22,Ahmedabad,655852,Failed,5,34,60,3.7,Poor,Normal,Driver/Attempt Issue,Medium,Investigate delivery attempts
ORD000044,DRV0090,2026-02-28,Pune,616876,Delivered,5,66,90,3.1,Good,Normal,Driver/Attempt Issue,Medium,Investigate delivery attempts
ORD000085,DRV0199,2026-04-26,Kolkata,732113,Delivered,6,64,90,3.2,Poor,Normal,Driver/Attempt Issue,Medium,Investigate delivery attempts
ORD007634,DRV0071,2026-01-29,Delhi,658854,Delivered,1,92,120,4.1,Good,Anomaly,Route Issue,Medium,Review route assignment
ORD007708,DRV0074,2026-02-08,Bengaluru,747357,Delivered,1,37,60,4.1,Good,Anomaly,Route Issue,Medium,Review route assignment
ORD007604,DRV0142,2026-05-08,Kolkata,791886,Delivered,4,37,45,4.4,Good,Normal,Driver/Attempt Issue,Medium,Investigate delivery attempts
ORD007620,DRV0185,2026-02-15,Hyderabad,728371,Delivered,2,39,45,3.7,Good,Anomaly,Route Issue,Medium,Review route assignment
ORD007627,DRV0244,2026-01-16,Bengaluru,540597,Delivered,1,40,60,3.1,Good,Anomaly,Route Issue,Medium,Review route assignment
ORD007634,DRV0071,2026-01-29,Delhi,658854,Delivered,1,92,120,4.1,Good,Anomaly,Route Issue,Medium,Review route assignment
ORD007635,DRV0082,2026-01-17,Kolkata,522088,Failed,5,31,45,4.1,Poor,Normal,Driver/Attempt Issue,Medium,Investigate delivery attempts
ORD007643,DRV0136,2026-05-09,Chennai,534339,Delivered,1,79,90,2.7,Good,Anomaly,Route Issue,Medium,Review route assignment
ORD007654,DRV0150,2026-04-15,Pune,701422,Returned,5,57,60,4.5,Good,Normal,Driver/Attempt Issue,Medium,Investigate delivery attempts
ORD007540,DRV0065,2026-02-03,Delhi,589926,Delivered,1,48,60,4.1,Good,Anomaly,Route Issue,Medium,Review route assignment
ORD007544,DRV0067,2026-06-19,Bengaluru,761604,Failed,1,54,60,2.6,Good,Anomaly,Route Issue,Medium,Review route assignment
ORD007574,DRV0233,2026-03-29,Chennai,737559,Failed,1,36,45,2.6,Good,Anomaly,Route Issue,Medium,Review route assignment
ORD007577,DRV0093,2026-05-16,Bengaluru,725096,Delivered,6,36,45,2.8,Poor,Normal,Driver/Attempt Issue,Medium,Investigate delivery attempts
ORD007594,DRV0083,2026-02-19,Delhi,595889,Delivered,6,35,45,2.8,Poor,Normal,Driver/Attempt Issue,Medium,Investigate delivery attempts
ORD007515,DRV0080,2026-01-18,Chennai,614924,Returned,4,21,30,4.0,Poor,Normal,Driver/Attempt Issue,Medium,Investigate delivery attempts
ORD007524,DRV0038,2026-05-15,Delhi,504636,Delivered,4,81,120,3.4,Good,Normal,Driver/Attempt Issue,Medium,Investigate delivery attempts
ORD007430,DRV0072,2026-05-27,Chennai,621005,Failed,5,40,60,3.6,Good,Normal,Driver/Attempt Issue,Medium,Investigate delivery attempts
ORD007439,DRV0247,2026-01-01,Bengaluru,672294,Failed,6,51,60,2.9,Good,Normal,Driver/Attempt Issue,Medium,Investigate delivery attempts
ORD007449,DRV0206,2026-06-30,Pune,509925,Delivered,5,48,60,2.7,Good,Normal,Driver/Attempt Issue,Medium,Investigate delivery attempts
ORD000971,DRV0065,2026-06-03,Bengaluru,670055,Returned,1,32,45,4.0,Good,Anomaly,Route Issue,Medium,Review route assignment
ORD000972,DRV0218,2026-01-18,Ahmedabad,675691,Delivered,4,88,120,3.5,Good,Normal,Driver/Attempt Issue,Medium,Investigate delivery attempts
ORD007784,DRV0002,2026-03-11,Delhi,681344,Delivered,6,73,120,3.3,Good,Normal,Driver/Attempt Issue,Medium,Investigate delivery attempts
ORD007785,DRV0103,2026-06-21,Mumbai,608504,Failed,2,17,30,4.0,Good,Anomaly,Route Issue,Medium,Review route assignment
ORD007661,DRV0064,2026-03-17,Ahmedabad,641920,Delivered,5,42,60,5.0,Good,Normal,Driver/Attempt Issue,Medium,Investigate delivery attempts
ORD007666,DRV0187,2026-06-03,Kolkata,735145,Delivered,4,21,30,2.9,Poor,Normal,Driver/Attempt Issue,Medium,Investigate delivery attempts
ORD007672,DRV0088,2026-04-26,Hyderabad,680460,Failed,4,41,45,4.6,Good,Normal,Driver/Attempt Issue,Medium,Investigate delivery attempts
ORD007680,DRV0080,2026-05-02,Ahmedabad,700054,Delivered,4,15,30,4.5,Poor,Normal,Driver/Attempt Issue,Medium,Investigate delivery attempts
ORD007691,DRV0110,2026-05-04,Ahmedabad,646351,Delivered,5,31,45,3.2,Good,Normal,Driver/Attempt Issue,Medium,Investigate delivery attempts
ORD000981,DRV0156,2026-03-19,Mumbai,649607,Failed,1,30,45,3.6,Good,Anomaly,Route Issue,Medium,Review route assignment
ORD000982,DRV0244,2026-04-12,Delhi,698032,Delivered,1,77,90,2.9,Poor,Anomaly,Route Issue,Medium,Review route assignment
ORD000985,DRV0019,2026-02-04,Delhi,746026,Delivered,1,22,45,3.2,Good,Anomaly,Route Issue,Medium,Review route assignment
ORD000989,DRV0009,2026-06-11,Delhi,514814,Returned,6,30,45,1.1,Poor,Normal,Driver/Attempt Issue,Medium,Investigate delivery attempts
ORD007355,DRV0063,2026-01-02,Mumbai,680144,Failed,2,23,30,3.3,Good,Anomaly,Route Issue,Medium,Review route assignment
ORD007389,DRV0043,2026-06-13,Mumbai,677941,Failed,1,67,90,4.8,Poor,Anomaly,Route Issue,Medium,Review route assignment
ORD007395,DRV0120,2026-04-19,Pune,729421,Delivered,1,30,60,4.2,Poor,Anomaly,Route Issue,Medium,Review route assignment
ORD000926,DRV0051,2026-02-14,Pune,614790,Delivered,1,57,60,2.5,Poor,Anomaly,Route Issue,Medium,Review route assignment
ORD000937,DRV0111,2026-04-05,Kolkata,760855,Delivered,1,17,30,4.3,Good,Anomaly,Route Issue,Medium,Review route assignment
ORD000957,DRV0171,2026-06-28,Bengaluru,613904,Delivered,1,67,120,3.2,Good,Anomaly,Route Issue,Medium,Review route assignment
ORD007714,DRV0220,2026-02-10,Chennai,722195,Delivered,2,38,45,3.3,Good,Anomaly,Route Issue,Medium,Review route assignment
ORD007735,DRV0160,2026-05-27,Delhi,542409,Delivered,6,41,45,2.8,Poor,Normal,Driver/Attempt Issue,Medium,Investigate delivery attempts
ORD007406,DRV0070,2026-06-02,Mumbai,637963,Delivered,6,51,90,4.6,Poor,Normal,Driver/Attempt Issue,Medium,Investigate delivery attempts
ORD007298,DRV0030,2026-05-22,Delhi,533471,Delivered,1,23,30,3.4,Good,Anomaly,Route Issue,Medium,Review route assignment
ORD007314,DRV0030,2026-06-17,Pune,702465,Delivered,2,25,30,2.7,Good,Anomaly,Route Issue,Medium,Review route assignment
ORD007318,DRV0199,2026-03-31,Chennai,712829,Delivered,4,24,30,2.7,Good,Normal,Driver/Attempt Issue,Medium,Investigate delivery attempts
ORD007320,DRV0019,2026-03-29,Kolkata,687014,Delivered,1,56,90,4.2,Good,Anomaly,Route Issue,Medium,Review route assignment
ORD007342,DRV0205,2026-01-30,Chennai,569564,Returned,2,70,90,3.4,Good,Anomaly,Route Issue,Medium,Review route assignment
ORD007218,DRV0119,2026-02-26,Bengaluru,638935,Delivered,1,21,30,3.6,Good,Anomaly,Route Issue,Medium,Review route assignment
ORD001025,DRV0168,2026-06-27,Kolkata,546982,Delivered,2,62,90,4.2,Good,Anomaly,Route Issue,Medium,Review route assignment
ORD001032,DRV0064,2026-01-12,Pune,772337,Delivered,4,53,90,3.7,Poor,Normal,Driver/Attempt Issue,Medium,Investigate delivery attempts
ORD001040,DRV0097,2026-04-07,Mumbai,555051,Delivered,1,48,60,2.6,Good,Anomaly,Route Issue,Medium,Review route assignment
ORD001044,DRV0146,2026-01-14,Pune,694065,Returned,2,86,120,3.1,Good,Anomaly,Route Issue,Medium,Review route assignment
ORD001052,DRV0075,2026-05-04,Pune,653902,Delivered,4,85,120,3.2,Good,Normal,Driver/Attempt Issue,Medium,Investigate delivery attempts
ORD001055,DRV0126,2026-01-22,Mumbai,777398,Failed,6,52,90,3.4,Good,Normal,Driver/Attempt Issue,Medium,Investigate delivery attempts
ORD001076,DRV0204,2026-04-12,Mumbai,759536,Returned,1,64,120,4.8,Good,Anomaly,Route Issue,Medium,Review route assignment
ORD007124,DRV0006,2026-04-16,Kolkata,729125,Delivered,1,21,30,3.2,Good,Anomaly,Route Issue,Medium,Review route assignment
ORD007127,DRV0019,2026-06-25,Chennai,539011,Returned,1,16,30,3.9,Good,Anomaly,Route Issue,Medium,Review route assignment
ORD007190,DRV0117,2026-06-20,Delhi,626746,Delivered,4,55,60,2.7,Good,Normal,Driver/Attempt Issue,Medium,Investigate delivery attempts
ORD007827,DRV0250,2026-01-13,Hyderabad,578672,Delivered,1,50,90,2.9,Good,Anomaly,Route Issue,Medium,Review route assignment
ORD000876,DRV0078,2026-05-05,Pune,514668,Delivered,1,86,120,4.2,Good,Anomaly,Route Issue,Medium,Review route assignment
ORD000901,DRV0195,2026-06-24,Pune,687601,Delivered,6,100,120,3.8,Good,Normal,Driver/Attempt Issue,Medium,Investigate delivery attempts
ORD007073,DRV0240,2026-03-18,Kolkata,694494,Returned,1,30,60,4.6,Good,Anomaly,Route Issue,Medium,Review route assignment
ORD007092,DRV0233,2026-06-12,Chennai,775937,Returned,2,78,120,4.9,Good,Anomaly,Route Issue,Medium,Review route assignment
ORD007098,DRV0010,2026-06-06,Hyderabad,755306,Delivered,5,60,120,3.2,Poor,Normal,Driver/Attempt Issue,Medium,Investigate delivery attempts
ORD007109,DRV0081,2026-01-26,Ahmedabad,611117,Delivered,5,88,120,1.4,Good,Anomaly,Driver/Attempt Issue,Medium,Investigate delivery attempts
ORD001092,DRV0063,2026-05-20,Hyderabad,640224,Returned,5,28,30,2.7,Good,Normal,Driver/Attempt Issue,Medium,Investigate delivery attempts
ORD001096,DRV0230,2026-06-04,Hyderabad,579221,Delivered,1,49,60,4.2,Good,Anomaly,Route Issue,Medium,Review route assignment
ORD001098,DRV0208,2026-01-01,Bengaluru,577931,Returned,4,34,45,4.6,Good,Normal,Driver/Attempt Issue,Medium,Investigate delivery attempts
ORD001126,DRV0066,2026-06-16,Ahmedabad,573634,Delivered,3,47,90,2.6,Good,Anomaly,Route Issue,Medium,Review route assignment
ORD007020,DRV0205,2026-06-21,Bengaluru,744893,Delivered,6,50,90,3.5,Poor,Normal,Driver/Attempt Issue,Medium,Investigate delivery attempts
ORD000870,DRV0211,2026-04-27,Delhi,551373,Delivered,1,50,90,3.2,Good,Anomaly,Route Issue,Medium,Review route assignment
ORD007859,DRV0204,2026-04-28,Pune,792184,Delivered,4,41,45,3.7,Good,Normal,Driver/Attempt Issue,Medium,Investigate delivery attempts
ORD007869,DRV0160,2026-01-27,Ahmedabad,755923,Failed,5,111,120,1.0,Good,Normal,Driver/Attempt Issue,Medium,Investigate delivery attempts
ORD007879,DRV0118,2026-01-28,Mumbai,724816,Delivered,6,48,60,4.7,Poor,Normal,Driver/Attempt Issue,Medium,Investigate delivery attempts
ORD007064,DRV0042,2026-02-11,Delhi,640903,Delivered,2,52,90,4.6,Poor,Anomaly,Route Issue,Medium,Review route assignment
ORD006940,DRV0078,2026-01-27,Hyderabad,582944,Delivered,1,43,60,2.8,Good,Anomaly,Route Issue,Medium,Review route assignment
ORD006965,DRV0186,2026-03-17,Hyderabad,519302,Failed,5,26,45,2.6,Good,Normal,Driver/Attempt Issue,Medium,Investigate delivery attempts
ORD006971,DRV0197,2026-06-22,Mumbai,793499,Delivered,1,79,90,4.3,Poor,Anomaly,Route Issue,Medium,Review route assignment
ORD006981,DRV0062,2026-02-26,Mumbai,698103,Delivered,2,39,60,2.6,Poor,Anomaly,Route Issue,Medium,Review route assignment
ORD007003,DRV0118,2026-04-05,Bengaluru,721245,Failed,1,53,60,4.4,Good,Anomaly,Route Issue,Medium,Review route assignment
ORD007007,DRV0084,2026-05-01,Delhi,766971,Delivered,1,49,60,3.2,Good,Anomaly,Route Issue,Medium,Review route assignment
ORD006861,DRV0208,2026-03-18,Bengaluru,639114,Delivered,1,22,45,3.8,Good,Anomaly,Route Issue,Medium,Review route assignment
ORD006868,DRV0077,2026-05-14,Kolkata,679924,Delivered,1,44,60,3.5,Poor,Anomaly,Route Issue,Medium,Review route assignment
ORD006875,DRV0128,2026-06-14,Ahmedabad,763471,Returned,4,52,90,4.1,Poor,Normal,Driver/Attempt Issue,Medium,Investigate delivery attempts
ORD006876,DRV0096,2026-06-30,Kolkata,535978,Delivered,1,17,30,4.7,Poor,Anomaly,Route Issue,Medium,Review route assignment
ORD006881,DRV0199,2026-06-03,Kolkata,540728,Delivered,4,48,60,3.1,Poor,Normal,Driver/Attempt Issue,Medium,Investigate delivery attempts
ORD006916,DRV0043,2026-02-19,Pune,518286,Delivered,6,57,90,4.1,Good,Normal,Driver/Attempt Issue,Medium,Investigate delivery attempts
ORD006921,DRV0179,2026-02-24,Delhi,541462,Delivered,6,42,60,3.5,Good,Normal,Driver/Attempt Issue,Medium,Investigate delivery attempts
ORD006784,DRV0040,2026-05-30,Mumbai,568466,Failed,4,24,45,2.6,Good,Normal,Driver/Attempt Issue,Medium,Investigate delivery attempts
ORD007969,DRV0129,2026-03-19,Mumbai,752357,Delivered,5,97,120,4.6,Good,Normal,Driver/Attempt Issue,Medium,Investigate delivery attempts
ORD000841,DRV0209,2026-06-28,Hyderabad,598682,Delivered,1,42,45,3.5,Good,Anomaly,Route Issue,Medium,Review route assignment
ORD006786,DRV0238,2026-03-21,Mumbai,547556,Delivered,1,31,45,3.3,Good,Anomaly,Route Issue,Medium,Review route assignment
ORD006787,DRV0012,2026-06-05,Delhi,704495,Delivered,1,55,90,4.8,Good,Anomaly,Route Issue,Medium,Review route assignment
ORD006801,DRV0230,2026-05-11,Hyderabad,778294,Delivered,6,47,90,2.7,Good,Normal,Driver/Attempt Issue,Medium,Investigate delivery attempts
ORD001132,DRV0155,2026-02-24,Ahmedabad,749676,Delivered,5,23,30,4.8,Good,Normal,Driver/Attempt Issue,Medium,Investigate delivery attempts
ORD001140,DRV0068,2026-04-26,Hyderabad,565912,Returned,1,66,120,3.0,Good,Anomaly,Route Issue,Medium,Review route assignment
ORD001171,DRV0038,2026-02-01,Delhi,505050,Delivered,5,36,60,4.2,Good,Normal,Driver/Attempt Issue,Medium,Investigate delivery attempts
ORD001189,DRV0250,2026-06-08,Ahmedabad,769203,Delivered,2,24,45,2.8,Good,Anomaly,Route Issue,Medium,Review route assignment
ORD001209,DRV0149,2026-06-06,Delhi,564467,Delivered,2,110,120,3.3,Good,Anomaly,Route Issue,Medium,Review route assignment
ORD006725,DRV0126,2026-05-29,Delhi,663375,Delivered,6,23,30,4.5,Poor,Normal,Driver/Attempt Issue,Medium,Investigate delivery attempts
ORD006744,DRV0080,2026-02-06,Chennai,732725,Delivered,5,32,60,2.7,Good,Normal,Driver/Attempt Issue,Medium,Investigate delivery attempts
ORD006745,DRV0135,2026-05-09,Delhi,796595,Returned,5,42,45,2.5,Good,Normal,Driver/Attempt Issue,Medium,Investigate delivery attempts
ORD006748,DRV0067,2026-02-15,Ahmedabad,709897,Delivered,1,31,60,3.5,Poor,Anomaly,Route Issue,Medium,Review route assignment
ORD008153,DRV0203,2026-02-19,Ahmedabad,662316,Delivered,4,52,90,3.9,Good,Normal,Driver/Attempt Issue,Medium,Investigate delivery attempts
ORD007975,DRV0202,2026-02-24,Delhi,555006,Delivered,2,18,30,2.5,Good,Anomaly,Route Issue,Medium,Review route assignment
ORD008011,DRV0044,2026-04-27,Ahmedabad,634765,Failed,4,65,90,4.2,Good,Normal,Driver/Attempt Issue,Medium,Investigate delivery attempts
ORD008019,DRV0216,2026-03-08,Kolkata,577366,Returned,1,51,90,2.8,Good,Anomaly,Route Issue,Medium,Review route assignment
ORD008037,DRV0221,2026-05-10,Hyderabad,747742,Delivered,1,21,30,2.6,Good,Anomaly,Route Issue,Medium,Review route assignment
ORD008044,DRV0061,2026-02-08,Chennai,637255,Delivered,4,25,45,3.1,Poor,Normal,Driver/Attempt Issue,Medium,Investigate delivery attempts
ORD006684,DRV0120,2026-02-25,Kolkata,532713,Returned,6,47,60,4.0,Good,Normal,Driver/Attempt Issue,Medium,Investigate delivery attempts
ORD006554,DRV0043,2026-06-18,Chennai,679954,Failed,1,57,90,3.9,Good,Anomaly,Route Issue,Medium,Review route assignment
ORD006564,DRV0083,2026-03-27,Delhi,705235,Delivered,5,45,60,4.8,Good,Normal,Driver/Attempt Issue,Medium,Investigate delivery attempts
ORD006565,DRV0029,2026-04-18,Hyderabad,737658,Returned,1,38,60,4.4,Poor,Anomaly,Route Issue,Medium,Review route assignment
ORD006580,DRV0045,2026-01-05,Mumbai,568799,Delivered,5,56,90,4.1,Good,Normal,Driver/Attempt Issue,Medium,Investigate delivery attempts
ORD006595,DRV0156,2026-02-18,Chennai,737315,Delivered,4,68,120,4.8,Good,Normal,Driver/Attempt Issue,Medium,Investigate delivery attempts
ORD006597,DRV0046,2026-02-15,Bengaluru,543231,Delivered,2,32,45,4.5,Poor,Anomaly,Route Issue,Medium,Review route assignment
ORD006505,DRV0054,2026-03-10,Bengaluru,770019,Delivered,1,24,30,4.0,Good,Anomaly,Route Issue,Medium,Review route assignment
ORD000806,DRV0217,2026-03-23,Kolkata,736710,Delivered,6,30,45,4.4,Good,Normal,Driver/Attempt Issue,Medium,Investigate delivery attempts
ORD000807,DRV0205,2026-02-20,Pune,544249,Delivered,6,69,90,4.5,Poor,Normal,Driver/Attempt Issue,Medium,Investigate delivery attempts
ORD000815,DRV0121,2026-06-05,Delhi,523861,Delivered,5,84,120,4.5,Good,Normal,Driver/Attempt Issue,Medium,Investigate delivery attempts
ORD000822,DRV0118,2026-01-29,Ahmedabad,577622,Delivered,5,31,45,3.2,Good,Normal,Driver/Attempt Issue,Medium,Investigate delivery attempts
ORD008102,DRV0155,2026-02-26,Pune,543404,Delivered,1,84,90,4.5,Good,Anomaly,Route Issue,Medium,Review route assignment
ORD008111,DRV0112,2026-05-14,Delhi,612224,Returned,1,25,30,3.9,Good,Anomaly,Route Issue,Medium,Review route assignment
ORD008130,DRV0217,2026-01-08,Bengaluru,774856,Delivered,1,27,30,2.8,Good,Anomaly,Route Issue,Medium,Review route assignment
ORD006537,DRV0242,2026-02-23,Mumbai,658635,Returned,6,40,45,2.8,Good,Normal,Driver/Attempt Issue,Medium,Investigate delivery attempts
ORD001271,DRV0245,2026-04-23,Bengaluru,594269,Delivered,2,38,60,4.0,Good,Anomaly,Route Issue,Medium,Review route assignment
ORD006417,DRV0015,2026-01-29,Kolkata,533711,Delivered,5,16,30,3.8,Poor,Normal,Driver/Attempt Issue,Medium,Investigate delivery attempts
ORD006425,DRV0070,2026-06-04,Delhi,634514,Failed,4,22,45,4.5,Good,Normal,Driver/Attempt Issue,Medium,Investigate delivery attempts
ORD006432,DRV0149,2026-04-01,Pune,687365,Returned,1,72,120,3.5,Good,Anomaly,Route Issue,Medium,Review route assignment
ORD006447,DRV0141,2026-04-22,Mumbai,617303,Delivered,1,86,120,2.8,Poor,Anomaly,Route Issue,Medium,Review route assignment
ORD006456,DRV0139,2026-03-02,Mumbai,698546,Delivered,1,20,30,2.8,Good,Anomaly,Route Issue,Medium,Review route assignment
ORD006469,DRV0215,2026-01-15,Mumbai,721077,Delivered,4,34,60,2.7,Good,Normal,Driver/Attempt Issue,Medium,Investigate delivery attempts
ORD006481,DRV0078,2026-01-21,Delhi,637612,Delivered,4,44,60,3.5,Good,Normal,Driver/Attempt Issue,Medium,Investigate delivery attempts
ORD006497,DRV0142,2026-01-07,Mumbai,796683,Returned,1,26,45,3.8,Good,Anomaly,Route Issue,Medium,Review route assignment
ORD006368,DRV0130,2026-02-23,Bengaluru,638801,Delivered,1,34,60,3.4,Good,Anomaly,Route Issue,Medium,Review route assignment
ORD008185,DRV0170,2026-05-19,Bengaluru,603684,Failed,1,79,90,2.9,Good,Anomaly,Route Issue,Medium,Review route assignment
ORD008191,DRV0142,2026-03-10,Kolkata,773337,Delivered,1,33,60,4.4,Good,Anomaly,Route Issue,Medium,Review route assignment
ORD008198,DRV0036,2026-04-21,Mumbai,757040,Returned,6,66,90,4.8,Good,Normal,Driver/Attempt Issue,Medium,Investigate delivery attempts
ORD008199,DRV0021,2026-02-24,Ahmedabad,562558,Delivered,5,22,45,4.9,Good,Normal,Driver/Attempt Issue,Medium,Investigate delivery attempts
ORD008202,DRV0138,2026-03-04,Kolkata,667885,Delivered,5,29,45,3.8,Good,Normal,Driver/Attempt Issue,Medium,Investigate delivery attempts
ORD000799,DRV0122,2026-03-20,Delhi,511048,Returned,4,62,120,2.5,Good,Normal,Driver/Attempt Issue,Medium,Investigate delivery attempts
ORD006387,DRV0101,2026-02-10,Bengaluru,678470,Delivered,6,34,60,4.4,Poor,Normal,Driver/Attempt Issue,Medium,Investigate delivery attempts
ORD006400,DRV0197,2026-02-20,Chennai,681143,Returned,1,65,120,4.4,Good,Anomaly,Route Issue,Medium,Review route assignment
ORD006408,DRV0166,2026-04-09,Kolkata,523820,Delivered,4,99,120,4.4,Good,Anomaly,Driver/Attempt Issue,Medium,Investigate delivery attempts
ORD001294,DRV0133,2026-05-28,Pune,664819,Delivered,6,25,45,5.0,Good,Normal,Driver/Attempt Issue,Medium,Investigate delivery attempts
ORD001299,DRV0228,2026-05-07,Kolkata,637917,Delivered,2,53,60,4.9,Good,Anomaly,Route Issue,Medium,Review route assignment
ORD001306,DRV0216,2026-03-16,Mumbai,754311,Delivered,2,83,90,3.2,Good,Anomaly,Route Issue,Medium,Review route assignment
ORD001332,DRV0121,2026-02-23,Ahmedabad,673107,Returned,1,27,45,4.1,Poor,Anomaly,Route Issue,Medium,Review route assignment
ORD006323,DRV0246,2026-05-29,Pune,570588,Failed,1,82,90,3.6,Good,Anomaly,Route Issue,Medium,Review route assignment
ORD006336,DRV0120,2026-02-07,Ahmedabad,639757,Delivered,1,71,90,4.2,Good,Anomaly,Route Issue,Medium,Review route assignment
ORD006215,DRV0133,2026-05-14,Mumbai,720188,Delivered,5,72,120,3.2,Good,Normal,Driver/Attempt Issue,Medium,Investigate delivery attempts
ORD000768,DRV0032,2026-04-19,Mumbai,761677,Delivered,5,97,120,3.3,Good,Normal,Driver/Attempt Issue,Medium,Investigate delivery attempts
ORD008251,DRV0179,2026-06-09,Delhi,556908,Delivered,1,67,90,3.2,Poor,Anomaly,Route Issue,Medium,Review route assignment
ORD008252,DRV0058,2026-04-04,Pune,789431,Delivered,5,39,45,2.5,Poor,Normal,Driver/Attempt Issue,Medium,Investigate delivery attempts
ORD008267,DRV0164,2026-03-30,Pune,585408,Delivered,1,110,120,3.5,Good,Anomaly,Route Issue,Medium,Review route assignment
ORD008161,DRV0202,2026-03-31,Chennai,544604,Returned,4,16,30,2.9,Good,Normal,Driver/Attempt Issue,Medium,Investigate delivery attempts
ORD006227,DRV0062,2026-03-23,Pune,655564,Delivered,5,78,120,3.1,Good,Normal,Driver/Attempt Issue,Medium,Investigate delivery attempts
ORD006238,DRV0229,2026-05-13,Pune,601343,Delivered,6,75,90,3.4,Good,Normal,Driver/Attempt Issue,Medium,Investigate delivery attempts
ORD006246,DRV0171,2026-04-23,Ahmedabad,657588,Delivered,2,40,45,4.5,Good,Anomaly,Route Issue,Medium,Review route assignment
ORD006253,DRV0170,2026-03-22,Kolkata,556646,Returned,6,48,90,2.8,Good,Normal,Driver/Attempt Issue,Medium,Investigate delivery attempts
ORD001347,DRV0165,2026-04-12,Ahmedabad,523025,Returned,4,50,60,2.8,Good,Normal,Driver/Attempt Issue,Medium,Investigate delivery attempts
ORD001394,DRV0057,2026-01-05,Mumbai,670188,Delivered,6,53,60,3.3,Poor,Normal,Driver/Attempt Issue,Medium,Investigate delivery attempts
ORD008346,DRV0111,2026-01-24,Delhi,719672,Failed,1,56,60,3.9,Good,Anomaly,Route Issue,Medium,Review route assignment
ORD008351,DRV0166,2026-03-07,Mumbai,589717,Returned,5,42,45,3.2,Good,Normal,Driver/Attempt Issue,Medium,Investigate delivery attempts
ORD008354,DRV0211,2026-06-17,Ahmedabad,638225,Delivered,5,22,45,3.1,Poor,Normal,Driver/Attempt Issue,Medium,Investigate delivery attempts
ORD008357,DRV0132,2026-02-26,Pune,738857,Delivered,4,23,30,4.7,Good,Normal,Driver/Attempt Issue,Medium,Investigate delivery attempts
ORD008358,DRV0051,2026-01-22,Kolkata,607273,Delivered,4,30,60,4.1,Good,Normal,Driver/Attempt Issue,Medium,Investigate delivery attempts
ORD000708,DRV0046,2026-04-06,Kolkata,571515,Delivered,1,38,60,3.0,Good,Anomaly,Route Issue,Medium,Review route assignment
ORD000737,DRV0051,2026-01-22,Hyderabad,782283,Delivered,1,23,30,4.6,Good,Anomaly,Route Issue,Medium,Review route assignment
ORD000745,DRV0168,2026-04-17,Pune,594042,Delivered,5,22,45,4.6,Good,Normal,Driver/Attempt Issue,Medium,Investigate delivery attempts
ORD001402,DRV0193,2026-04-18,Mumbai,646213,Delivered,6,25,30,3.6,Good,Normal,Driver/Attempt Issue,Medium,Investigate delivery attempts
ORD006132,DRV0083,2026-03-03,Mumbai,619099,Delivered,6,32,45,3.3,Good,Normal,Driver/Attempt Issue,Medium,Investigate delivery attempts
ORD006135,DRV0037,2026-06-17,Kolkata,726679,Delivered,1,36,60,3.8,Good,Anomaly,Route Issue,Medium,Review route assignment
ORD006184,DRV0223,2026-05-12,Ahmedabad,741108,Delivered,1,72,120,4.0,Poor,Anomaly,Route Issue,Medium,Review route assignment
ORD006049,DRV0125,2026-05-02,Pune,598387,Delivered,5,110,120,4.3,Good,Normal,Driver/Attempt Issue,Medium,Investigate delivery attempts
ORD006096,DRV0105,2026-06-10,Mumbai,569761,Delivered,1,25,45,3.8,Good,Anomaly,Route Issue,Medium,Review route assignment
ORD001431,DRV0146,2026-05-29,Hyderabad,725315,Delivered,4,57,90,3.3,Poor,Normal,Driver/Attempt Issue,Medium,Investigate delivery attempts
ORD001455,DRV0047,2026-04-27,Delhi,776674,Returned,5,46,90,3.3,Good,Normal,Driver/Attempt Issue,Medium,Investigate delivery attempts
ORD001473,DRV0122,2026-03-07,Ahmedabad,567212,Delivered,1,49,60,2.8,Good,Anomaly,Route Issue,Medium,Review route assignment
ORD005913,DRV0104,2026-04-27,Hyderabad,530595,Delivered,2,30,60,3.9,Good,Anomaly,Route Issue,Medium,Review route assignment
ORD005922,DRV0120,2026-04-27,Delhi,720716,Returned,4,62,120,4.5,Poor,Normal,Driver/Attempt Issue,Medium,Investigate delivery attempts
ORD008359,DRV0081,2026-02-26,Hyderabad,627574,Returned,2,27,30,4.6,Good,Anomaly,Route Issue,Medium,Review route assignment
ORD008374,DRV0250,2026-06-07,Delhi,720065,Delivered,2,60,90,4.2,Good,Anomaly,Route Issue,Medium,Review route assignment
ORD008402,DRV0136,2026-01-05,Ahmedabad,727261,Delivered,5,113,120,3.0,Good,Anomaly,Driver/Attempt Issue,Medium,Investigate delivery attempts
ORD008412,DRV0184,2026-03-14,Mumbai,648569,Delivered,5,56,60,3.2,Good,Normal,Driver/Attempt Issue,Medium,Investigate delivery attempts
ORD005961,DRV0224,2026-02-11,Kolkata,539246,Delivered,2,83,90,4.6,Good,Anomaly,Route Issue,Medium,Review route assignment
ORD005807,DRV0099,2026-05-18,Kolkata,682878,Delivered,6,40,45,4.6,Good,Normal,Driver/Attempt Issue,Medium,Investigate delivery attempts
ORD005811,DRV0191,2026-01-23,Mumbai,527639,Delivered,6,36,45,3.8,Good,Normal,Driver/Attempt Issue,Medium,Investigate delivery attempts
ORD005813,DRV0148,2026-03-25,Chennai,647509,Delivered,6,45,60,4.6,Good,Normal,Driver/Attempt Issue,Medium,Investigate delivery attempts
ORD005821,DRV0234,2026-01-18,Mumbai,556899,Delivered,5,42,60,4.6,Good,Normal,Driver/Attempt Issue,Medium,Investigate delivery attempts
ORD005872,DRV0019,2026-04-04,Bengaluru,739564,Delivered,5,19,30,4.8,Good,Normal,Driver/Attempt Issue,Medium,Investigate delivery attempts
ORD005766,DRV0029,2026-05-12,Ahmedabad,794535,Delivered,1,48,60,2.2,Good,Anomaly,Route Issue,Medium,Review route assignment
ORD005779,DRV0126,2026-03-20,Pune,565824,Returned,6,43,60,2.4,Good,Normal,Driver/Attempt Issue,Medium,Investigate delivery attempts
ORD005796,DRV0197,2026-02-02,Ahmedabad,506596,Delivered,4,103,120,2.7,Good,Normal,Driver/Attempt Issue,Medium,Investigate delivery attempts
ORD005691,DRV0150,2026-04-12,Hyderabad,685407,Delivered,4,30,60,3.7,Good,Normal,Driver/Attempt Issue,Medium,Investigate delivery attempts
ORD005720,DRV0035,2026-03-06,Delhi,777672,Delivered,1,18,30,3.4,Good,Anomaly,Route Issue,Medium,Review route assignment
ORD001485,DRV0026,2026-06-12,Chennai,618624,Returned,1,87,120,2.9,Good,Anomaly,Route Issue,Medium,Review route assignment
ORD001488,DRV0016,2026-02-05,Kolkata,575388,Delivered,2,34,45,3.5,Good,Anomaly,Route Issue,Medium,Review route assignment
ORD001500,DRV0162,2026-01-26,Delhi,653237,Delivered,2,61,90,3.3,Good,Anomaly,Route Issue,Medium,Review route assignment
ORD008423,DRV0059,2026-06-11,Kolkata,755753,Delivered,1,100,120,2.9,Good,Anomaly,Route Issue,Medium,Review route assignment
ORD008426,DRV0185,2026-03-23,Pune,662304,Delivered,2,110,120,4.5,Good,Anomaly,Route Issue,Medium,Review route assignment
ORD008456,DRV0067,2026-06-01,Kolkata,599690,Returned,1,54,60,4.4,Good,Anomaly,Route Issue,Medium,Review route assignment
ORD001517,DRV0111,2026-04-12,Chennai,612828,Returned,4,104,120,2.7,Good,Normal,Driver/Attempt Issue,Medium,Investigate delivery attempts
ORD001528,DRV0240,2026-03-21,Bengaluru,652793,Delivered,1,40,45,4.5,Poor,Anomaly,Route Issue,Medium,Review route assignment
ORD001534,DRV0022,2026-01-07,Ahmedabad,757550,Delivered,1,84,90,3.4,Good,Anomaly,Route Issue,Medium,Review route assignment
ORD001547,DRV0059,2026-04-10,Hyderabad,596719,Delivered,5,18,30,3.9,Good,Normal,Driver/Attempt Issue,Medium,Investigate delivery attempts
ORD005596,DRV0218,2026-05-08,Bengaluru,745967,Delivered,6,43,60,3.2,Good,Normal,Driver/Attempt Issue,Medium,Investigate delivery attempts
ORD005604,DRV0056,2026-03-06,Kolkata,638614,Delivered,6,27,30,5.0,Good,Normal,Driver/Attempt Issue,Medium,Investigate delivery attempts
ORD005624,DRV0155,2026-01-30,Bengaluru,540336,Delivered,1,17,30,4.2,Good,Anomaly,Route Issue,Medium,Review route assignment
ORD005520,DRV0224,2026-01-25,Bengaluru,572563,Delivered,1,40,45,4.2,Poor,Anomaly,Route Issue,Medium,Review route assignment
ORD005541,DRV0124,2026-06-05,Mumbai,785385,Delivered,5,18,30,3.7,Good,Normal,Driver/Attempt Issue,Medium,Investigate delivery attempts
ORD005547,DRV0171,2026-05-10,Pune,554280,Delivered,5,78,120,4.9,Good,Normal,Driver/Attempt Issue,Medium,Investigate delivery attempts
ORD005559,DRV0022,2026-06-29,Hyderabad,763153,Delivered,6,33,60,4.7,Good,Normal,Driver/Attempt Issue,Medium,Investigate delivery attempts
ORD005464,DRV0194,2026-05-23,Mumbai,672828,Delivered,4,25,30,3.1,Good,Normal,Driver/Attempt Issue,Medium,Investigate delivery attempts
ORD005478,DRV0246,2026-06-17,Pune,626918,Delivered,1,32,60,3.2,Good,Anomaly,Route Issue,Medium,Review route assignment
ORD005499,DRV0232,2026-05-26,Bengaluru,561534,Delivered,6,21,30,2.7,Good,Normal,Driver/Attempt Issue,Medium,Investigate delivery attempts
ORD008526,DRV0210,2026-04-22,Kolkata,564426,Delivered,6,76,90,4.9,Good,Normal,Driver/Attempt Issue,Medium,Investigate delivery attempts
ORD008546,DRV0059,2026-03-18,Ahmedabad,767614,Delivered,1,26,30,4.5,Good,Anomaly,Route Issue,Medium,Review route assignment
ORD008548,DRV0174,2026-02-01,Mumbai,721743,Delivered,1,64,120,3.3,Good,Anomaly,Route Issue,Medium,Review route assignment
ORD008558,DRV0078,2026-03-19,Chennai,595828,Delivered,1,38,45,4.2,Poor,Anomaly,Route Issue,Medium,Review route assignment
ORD000635,DRV0053,2026-04-28,Hyderabad,703207,Returned,5,15,30,4.5,Good,Normal,Driver/Attempt Issue,Medium,Investigate delivery attempts
ORD001577,DRV0070,2026-06-18,Ahmedabad,542071,Delivered,6,41,45,2.8,Good,Normal,Driver/Attempt Issue,Medium,Investigate delivery attempts
ORD001582,DRV0200,2026-01-20,Bengaluru,505056,Returned,1,57,60,2.6,Poor,Anomaly,Route Issue,Medium,Review route assignment
ORD001589,DRV0056,2026-03-06,Kolkata,680753,Returned,4,25,30,2.7,Good,Normal,Driver/Attempt Issue,Medium,Investigate delivery attempts
ORD005373,DRV0183,2026-03-27,Mumbai,620719,Delivered,1,52,90,3.2,Good,Anomaly,Route Issue,Medium,Review route assignment
ORD005386,DRV0165,2026-03-13,Ahmedabad,559211,Delivered,6,47,60,4.5,Good,Normal,Driver/Attempt Issue,Medium,Investigate delivery attempts
ORD005303,DRV0090,2026-01-14,Bengaluru,573817,Returned,5,33,45,3.2,Good,Normal,Driver/Attempt Issue,Medium,Investigate delivery attempts
ORD005310,DRV0151,2026-01-11,Pune,523127,Failed,4,56,90,2.7,Poor,Normal,Driver/Attempt Issue,Medium,Investigate delivery attempts
ORD005311,DRV0089,2026-05-07,Hyderabad,597202,Delivered,6,100,120,3.7,Good,Normal,Driver/Attempt Issue,Medium,Investigate delivery attempts
ORD005319,DRV0086,2026-02-03,Ahmedabad,781331,Failed,1,66,120,3.7,Good,Anomaly,Route Issue,Medium,Review route assignment
ORD005320,DRV0184,2026-03-05,Kolkata,640003,Returned,1,23,30,2.7,Good,Anomaly,Route Issue,Medium,Review route assignment
ORD005198,DRV0154,2026-02-25,Chennai,598641,Delivered,2,34,60,3.3,Good,Anomaly,Route Issue,Medium,Review route assignment
ORD005204,DRV0017,2026-03-04,Ahmedabad,594685,Returned,1,28,45,3.8,Good,Anomaly,Route Issue,Medium,Review route assignment
ORD005224,DRV0209,2026-06-11,Delhi,774008,Delivered,5,28,30,3.3,Good,Normal,Driver/Attempt Issue,Medium,Investigate delivery attempts
ORD005273,DRV0155,2026-05-30,Chennai,675950,Delivered,4,39,45,2.6,Poor,Normal,Driver/Attempt Issue,Medium,Investigate delivery attempts
ORD001631,DRV0204,2026-01-20,Mumbai,556235,Delivered,2,63,120,2.6,Good,Anomaly,Route Issue,Medium,Review route assignment
ORD008608,DRV0090,2026-02-17,Ahmedabad,622162,Failed,5,36,45,2.6,Poor,Normal,Driver/Attempt Issue,Medium,Investigate delivery attempts
ORD001694,DRV0115,2026-03-01,Mumbai,552621,Delivered,4,73,90,4.5,Good,Normal,Driver/Attempt Issue,Medium,Investigate delivery attempts
ORD005025,DRV0209,2026-02-08,Delhi,615534,Delivered,1,52,60,3.1,Good,Anomaly,Route Issue,Medium,Review route assignment
ORD005037,DRV0205,2026-06-30,Chennai,578661,Returned,6,41,45,2.8,Good,Normal,Driver/Attempt Issue,Medium,Investigate delivery attempts
ORD005059,DRV0007,2026-01-30,Pune,699782,Delivered,6,55,90,4.3,Good,Normal,Driver/Attempt Issue,Medium,Investigate delivery attempts
ORD005080,DRV0188,2026-03-30,Kolkata,722809,Failed,4,113,120,4.7,Good,Normal,Driver/Attempt Issue,Medium,Investigate delivery attempts
ORD004983,DRV0023,2026-01-08,Bengaluru,600396,Delivered,1,73,90,3.0,Good,Anomaly,Route Issue,Medium,Review route assignment
ORD005003,DRV0115,2026-03-12,Bengaluru,509313,Failed,1,71,120,1.3,Good,Anomaly,Route Issue,Medium,Review route assignment
ORD001706,DRV0198,2026-03-10,Bengaluru,593706,Failed,1,80,90,4.9,Good,Anomaly,Route Issue,Medium,Review route assignment
ORD001708,DRV0101,2026-02-12,Chennai,525346,Delivered,1,29,45,4.5,Poor,Anomaly,Route Issue,Medium,Review route assignment
ORD001713,DRV0019,2026-03-18,Delhi,560574,Failed,5,69,90,4.1,Good,Normal,Driver/Attempt Issue,Medium,Investigate delivery attempts
ORD001749,DRV0246,2026-02-21,Pune,594640,Delivered,1,25,30,3.1,Good,Anomaly,Route Issue,Medium,Review route assignment
ORD008724,DRV0039,2026-04-05,Hyderabad,522777,Delivered,1,46,90,4.3,Good,Anomaly,Route Issue,Medium,Review route assignment
ORD000565,DRV0135,2026-01-13,Pune,692075,Delivered,4,15,30,4.4,Good,Normal,Driver/Attempt Issue,Medium,Investigate delivery attempts
ORD000576,DRV0208,2026-01-24,Pune,799099,Delivered,4,24,45,2.9,Good,Normal,Driver/Attempt Issue,Medium,Investigate delivery attempts
ORD000606,DRV0134,2026-04-26,Bengaluru,739547,Delivered,2,38,45,4.6,Poor,Anomaly,Route Issue,Medium,Review route assignment
ORD001756,DRV0111,2026-01-20,Hyderabad,643463,Failed,6,86,120,3.2,Good,Normal,Driver/Attempt Issue,Medium,Investigate delivery attempts
ORD001768,DRV0001,2026-01-05,Delhi,695316,Returned,1,20,30,5.0,Good,Anomaly,Route Issue,Medium,Review route assignment
ORD004894,DRV0208,2026-04-23,Hyderabad,542443,Delivered,1,18,30,1.5,Good,Anomaly,Route Issue,Medium,Review route assignment
ORD004904,DRV0188,2026-04-20,Kolkata,606187,Delivered,1,36,60,3.6,Good,Anomaly,Route Issue,Medium,Review route assignment
ORD004927,DRV0042,2026-04-18,Chennai,747557,Failed,6,46,90,4.7,Good,Normal,Driver/Attempt Issue,Medium,Investigate delivery attempts
ORD004814,DRV0108,2026-05-25,Pune,533884,Failed,5,35,45,3.3,Poor,Normal,Driver/Attempt Issue,Medium,Investigate delivery attempts
ORD004825,DRV0099,2026-05-02,Mumbai,751312,Delivered,4,100,120,4.0,Good,Normal,Driver/Attempt Issue,Medium,Investigate delivery attempts
ORD004852,DRV0098,2026-04-05,Hyderabad,791681,Delivered,2,91,120,3.5,Good,Anomaly,Route Issue,Medium,Review route assignment
ORD004784,DRV0044,2026-04-09,Bengaluru,685023,Delivered,1,31,60,4.5,Poor,Anomaly,Route Issue,Medium,Review route assignment
ORD004800,DRV0029,2026-04-22,Ahmedabad,760160,Delivered,6,43,60,4.8,Good,Normal,Driver/Attempt Issue,Medium,Investigate delivery attempts
ORD004806,DRV0240,2026-04-02,Pune,676492,Returned,1,69,90,3.4,Good,Anomaly,Route Issue,Medium,Review route assignment
ORD004690,DRV0093,2026-01-04,Hyderabad,762039,Returned,6,24,30,2.7,Poor,Normal,Driver/Attempt Issue,Medium,Investigate delivery attempts
ORD008806,DRV0103,2026-04-06,Mumbai,552352,Returned,2,58,90,2.9,Poor,Anomaly,Route Issue,Medium,Review route assignment
ORD008839,DRV0096,2026-04-29,Ahmedabad,749380,Delivered,4,53,60,3.0,Good,Normal,Driver/Attempt Issue,Medium,Investigate delivery attempts
ORD008840,DRV0043,2026-05-15,Chennai,718617,Delivered,6,68,120,1.2,Good,Anomaly,Driver/Attempt Issue,Medium,Investigate delivery attempts
ORD008702,DRV0243,2026-02-23,Mumbai,571302,Delivered,1,28,30,3.9,Good,Anomaly,Route Issue,Medium,Review route assignment
ORD004717,DRV0246,2026-02-01,Bengaluru,632895,Delivered,1,51,60,2.9,Good,Anomaly,Route Issue,Medium,Review route assignment
ORD001785,DRV0183,2026-03-01,Hyderabad,631069,Returned,5,25,30,3.0,Good,Normal,Driver/Attempt Issue,Medium,Investigate delivery attempts
ORD001793,DRV0215,2026-04-10,Ahmedabad,641368,Delivered,5,53,90,2.2,Good,Normal,Driver/Attempt Issue,Medium,Investigate delivery attempts
ORD001806,DRV0122,2026-05-19,Pune,587575,Returned,6,28,30,3.9,Good,Normal,Driver/Attempt Issue,Medium,Investigate delivery attempts
ORD008857,DRV0140,2026-06-04,Ahmedabad,601201,Delivered,2,47,60,2.8,Good,Anomaly,Route Issue,Medium,Review route assignment
ORD008868,DRV0160,2026-02-03,Delhi,513612,Delivered,2,51,60,4.9,Good,Anomaly,Route Issue,Medium,Review route assignment
ORD008875,DRV0004,2026-06-22,Pune,508567,Delivered,4,42,45,3.1,Good,Normal,Driver/Attempt Issue,Medium,Investigate delivery attempts
ORD008876,DRV0086,2026-01-27,Bengaluru,589326,Failed,1,18,30,2.6,Good,Anomaly,Route Issue,Medium,Review route assignment
ORD008889,DRV0012,2026-02-01,Delhi,621129,Delivered,4,112,120,3.2,Good,Normal,Driver/Attempt Issue,Medium,Investigate delivery attempts
ORD001812,DRV0177,2026-02-10,Bengaluru,748370,Delivered,5,31,60,4.8,Poor,Normal,Driver/Attempt Issue,Medium,Investigate delivery attempts
ORD001830,DRV0136,2026-04-14,Chennai,698034,Failed,1,54,90,2.6,Good,Anomaly,Route Issue,Medium,Review route assignment
ORD001834,DRV0222,2026-03-06,Kolkata,777125,Delivered,4,107,120,3.5,Good,Normal,Driver/Attempt Issue,Medium,Investigate delivery attempts
ORD004631,DRV0162,2026-04-22,Kolkata,546835,Delivered,1,26,30,3.0,Good,Anomaly,Route Issue,Medium,Review route assignment
ORD004638,DRV0103,2026-06-21,Mumbai,518464,Delivered,1,41,60,2.9,Good,Anomaly,Route Issue,Medium,Review route assignment
ORD004659,DRV0179,2026-04-23,Hyderabad,581974,Delivered,1,57,90,4.2,Good,Anomaly,Route Issue,Medium,Review route assignment
ORD004660,DRV0009,2026-06-18,Chennai,611092,Delivered,6,26,30,5.0,Good,Normal,Driver/Attempt Issue,Medium,Investigate delivery attempts
ORD004675,DRV0142,2026-02-07,Chennai,676627,Delivered,5,104,120,4.7,Good,Normal,Driver/Attempt Issue,Medium,Investigate delivery attempts
ORD004535,DRV0169,2026-02-17,Delhi,548881,Delivered,2,46,60,3.6,Good,Anomaly,Route Issue,Medium,Review route assignment
ORD004546,DRV0142,2026-02-04,Chennai,510656,Delivered,1,15,30,2.8,Good,Anomaly,Route Issue,Medium,Review route assignment
ORD004568,DRV0190,2026-02-20,Delhi,749780,Returned,5,41,45,3.3,Good,Normal,Driver/Attempt Issue,Medium,Investigate delivery attempts
ORD004578,DRV0172,2026-04-22,Hyderabad,602214,Delivered,2,26,45,4.8,Poor,Anomaly,Route Issue,Medium,Review route assignment
ORD004599,DRV0099,2026-06-08,Bengaluru,542668,Failed,5,90,120,4.7,Good,Normal,Driver/Attempt Issue,Medium,Investigate delivery attempts
ORD001835,DRV0161,2026-06-14,Pune,593032,Failed,4,60,90,3.2,Poor,Normal,Driver/Attempt Issue,Medium,Investigate delivery attempts
ORD001836,DRV0097,2026-05-16,Mumbai,533641,Delivered,1,24,45,3.2,Good,Anomaly,Route Issue,Medium,Review route assignment
ORD001838,DRV0006,2026-04-18,Mumbai,568425,Delivered,1,87,120,4.6,Good,Anomaly,Route Issue,Medium,Review route assignment
ORD001848,DRV0219,2026-01-20,Hyderabad,543969,Failed,6,65,90,2.5,Good,Normal,Driver/Attempt Issue,Medium,Investigate delivery attempts
ORD001859,DRV0242,2026-01-15,Mumbai,772764,Delivered,1,83,90,2.9,Good,Anomaly,Route Issue,Medium,Review route assignment
ORD008951,DRV0083,2026-03-26,Pune,784195,Delivered,4,36,45,4.3,Good,Normal,Driver/Attempt Issue,Medium,Investigate delivery attempts
ORD008971,DRV0231,2026-06-07,Kolkata,775506,Delivered,6,42,45,3.2,Good,Normal,Driver/Attempt Issue,Medium,Investigate delivery attempts
ORD000512,DRV0141,2026-05-24,Pune,682502,Delivered,4,37,60,3.5,Poor,Normal,Driver/Attempt Issue,Medium,Investigate delivery attempts
ORD000532,DRV0200,2026-04-01,Pune,670440,Returned,4,50,90,3.7,Good,Normal,Driver/Attempt Issue,Medium,Investigate delivery attempts
ORD000542,DRV0114,2026-04-04,Pune,716113,Delivered,5,15,30,2.5,Poor,Normal,Driver/Attempt Issue,Medium,Investigate delivery attempts
ORD000551,DRV0210,2026-01-04,Kolkata,563942,Returned,1,60,90,3.3,Good,Anomaly,Route Issue,Medium,Review route assignment
ORD001885,DRV0224,2026-06-14,Ahmedabad,715553,Returned,1,37,60,4.1,Good,Anomaly,Route Issue,Medium,Review route assignment
ORD001887,DRV0186,2026-04-16,Kolkata,568172,Failed,4,23,30,4.4,Good,Anomaly,Driver/Attempt Issue,Medium,Investigate delivery attempts
ORD004471,DRV0192,2026-02-09,Pune,737739,Delivered,6,48,60,3.3,Good,Normal,Driver/Attempt Issue,Medium,Investigate delivery attempts
ORD004484,DRV0112,2026-04-11,Hyderabad,556360,Delivered,1,31,60,2.5,Good,Anomaly,Route Issue,Medium,Review route assignment
ORD004384,DRV0209,2026-05-11,Ahmedabad,717559,Delivered,1,70,90,4.5,Good,Anomaly,Route Issue,Medium,Review route assignment
ORD004390,DRV0178,2026-03-22,Pune,619998,Delivered,1,33,45,4.6,Good,Anomaly,Route Issue,Medium,Review route assignment
ORD004423,DRV0140,2026-03-23,Pune,746750,Delivered,2,24,45,3.7,Good,Anomaly,Route Issue,Medium,Review route assignment
ORD004438,DRV0208,2026-03-27,Hyderabad,530002,Delivered,2,114,120,3.2,Good,Anomaly,Route Issue,Medium,Review route assignment
ORD004452,DRV0035,2026-01-11,Kolkata,773635,Returned,4,36,60,4.2,Good,Normal,Driver/Attempt Issue,Medium,Investigate delivery attempts
ORD004310,DRV0171,2026-02-10,Hyderabad,620004,Returned,2,46,60,2.7,Poor,Anomaly,Route Issue,Medium,Review route assignment
ORD009010,DRV0192,2026-04-09,Chennai,784388,Delivered,2,28,30,4.2,Poor,Anomaly,Route Issue,Medium,Review route assignment
ORD009024,DRV0198,2026-02-20,Hyderabad,785137,Failed,1,20,30,3.5,Good,Anomaly,Route Issue,Medium,Review route assignment
ORD009057,DRV0023,2026-06-13,Pune,570083,Returned,6,15,30,3.5,Good,Normal,Driver/Attempt Issue,Medium,Investigate delivery attempts
ORD004328,DRV0217,2026-05-23,Pune,703336,Failed,4,46,60,3.2,Good,Normal,Driver/Attempt Issue,Medium,Investigate delivery attempts
ORD004349,DRV0129,2026-02-10,Delhi,764939,Delivered,6,22,45,4.0,Good,Normal,Driver/Attempt Issue,Medium,Investigate delivery attempts
ORD001897,DRV0235,2026-01-20,Chennai,507347,Delivered,4,82,90,3.1,Poor,Normal,Driver/Attempt Issue,Medium,Investigate delivery attempts
ORD001906,DRV0061,2026-06-09,Kolkata,784089,Delivered,2,17,30,4.5,Good,Anomaly,Route Issue,Medium,Review route assignment
ORD001930,DRV0117,2026-06-07,Kolkata,777459,Delivered,1,90,120,3.8,Poor,Anomaly,Route Issue,Medium,Review route assignment
ORD001939,DRV0073,2026-03-14,Pune,772529,Failed,1,82,90,4.8,Poor,Anomaly,Route Issue,Medium,Review route assignment
ORD001943,DRV0215,2026-02-02,Bengaluru,604952,Failed,1,25,30,2.7,Good,Anomaly,Route Issue,Medium,Review route assignment
ORD001946,DRV0171,2026-02-15,Ahmedabad,594720,Delivered,5,38,60,2.7,Good,Normal,Driver/Attempt Issue,Medium,Investigate delivery attempts
ORD004302,DRV0092,2026-01-28,Bengaluru,526488,Delivered,1,40,45,2.5,Good,Anomaly,Route Issue,Medium,Review route assignment
ORD002026,DRV0093,2026-03-19,Pune,759832,Delivered,1,66,120,3.0,Good,Anomaly,Route Issue,Medium,Review route assignment
ORD004181,DRV0250,2026-05-12,Bengaluru,692125,Delivered,6,70,90,4.4,Poor,Normal,Driver/Attempt Issue,Medium,Investigate delivery attempts
ORD004202,DRV0218,2026-06-28,Mumbai,623383,Delivered,1,61,120,1.9,Good,Anomaly,Route Issue,Medium,Review route assignment
ORD004220,DRV0174,2026-01-26,Hyderabad,543747,Delivered,1,16,30,4.6,Good,Anomaly,Route Issue,Medium,Review route assignment
ORD004233,DRV0173,2026-06-13,Ahmedabad,643217,Delivered,4,22,30,2.9,Good,Normal,Driver/Attempt Issue,Medium,Investigate delivery attempts
ORD009127,DRV0157,2026-01-23,Hyderabad,592774,Failed,1,40,45,4.1,Good,Anomaly,Route Issue,Medium,Review route assignment
ORD009131,DRV0118,2026-05-12,Hyderabad,623737,Delivered,4,105,120,3.8,Poor,Normal,Driver/Attempt Issue,Medium,Investigate delivery attempts
ORD000453,DRV0092,2026-01-27,Ahmedabad,794589,Delivered,4,84,120,3.2,Good,Normal,Driver/Attempt Issue,Medium,Investigate delivery attempts
ORD000484,DRV0046,2026-05-04,Chennai,688112,Delivered,4,59,90,4.1,Good,Normal,Driver/Attempt Issue,Medium,Investigate delivery attempts
ORD004044,DRV0198,2026-03-18,Pune,760867,Delivered,5,95,120,2.6,Good,Normal,Driver/Attempt Issue,Medium,Investigate delivery attempts
ORD002077,DRV0050,2026-03-21,Delhi,714259,Failed,1,15,30,3.4,Good,Anomaly,Route Issue,Medium,Review route assignment
ORD002081,DRV0073,2026-04-25,Hyderabad,783982,Delivered,1,112,120,4.3,Poor,Anomaly,Route Issue,Medium,Review route assignment
ORD003934,DRV0047,2026-05-01,Hyderabad,782058,Returned,5,42,45,3.6,Good,Normal,Driver/Attempt Issue,Medium,Investigate delivery attempts
ORD003949,DRV0039,2026-05-06,Kolkata,558686,Failed,1,82,90,2.7,Poor,Anomaly,Route Issue,Medium,Review route assignment
ORD003959,DRV0231,2026-02-10,Ahmedabad,526300,Failed,1,26,30,2.5,Good,Anomaly,Route Issue,Medium,Review route assignment
ORD003962,DRV0084,2026-04-13,Hyderabad,642751,Delivered,4,101,120,4.9,Good,Normal,Driver/Attempt Issue,Medium,Investigate delivery attempts
ORD003966,DRV0249,2026-02-23,Delhi,777175,Delivered,6,16,30,2.8,Good,Normal,Driver/Attempt Issue,Medium,Investigate delivery attempts
ORD003977,DRV0133,2026-06-02,Delhi,535304,Delivered,6,47,60,3.8,Good,Normal,Driver/Attempt Issue,Medium,Investigate delivery attempts
ORD003996,DRV0248,2026-03-14,Chennai,742195,Delivered,6,35,45,2.8,Good,Normal,Driver/Attempt Issue,Medium,Investigate delivery attempts
ORD004004,DRV0145,2026-06-18,Pune,709452,Delivered,4,69,90,5.0,Poor,Normal,Driver/Attempt Issue,Medium,Investigate delivery attempts
ORD000431,DRV0179,2026-02-10,Hyderabad,554375,Delivered,2,81,90,1.1,Good,Anomaly,Route Issue,Medium,Review route assignment
ORD009178,DRV0142,2026-04-01,Mumbai,643924,Delivered,1,80,120,4.8,Good,Anomaly,Route Issue,Medium,Review route assignment
ORD009194,DRV0179,2026-06-12,Delhi,758852,Returned,1,63,120,4.2,Good,Anomaly,Route Issue,Medium,Review route assignment
ORD009207,DRV0019,2026-04-06,Delhi,566439,Returned,6,69,90,2.7,Good,Normal,Driver/Attempt Issue,Medium,Investigate delivery attempts
ORD009065,DRV0018,2026-03-16,Bengaluru,712823,Delivered,1,76,90,3.4,Good,Anomaly,Route Issue,Medium,Review route assignment
ORD003880,DRV0151,2026-02-17,Hyderabad,501278,Returned,6,39,45,4.5,Poor,Normal,Driver/Attempt Issue,Medium,Investigate delivery attempts
ORD003928,DRV0136,2026-04-27,Bengaluru,698490,Failed,1,20,30,3.9,Poor,Anomaly,Route Issue,Medium,Review route assignment
ORD003776,DRV0025,2026-06-24,Bengaluru,690014,Delivered,1,30,45,4.2,Poor,Anomaly,Route Issue,Medium,Review route assignment
ORD003816,DRV0219,2026-03-06,Ahmedabad,667623,Returned,6,30,45,3.4,Good,Normal,Driver/Attempt Issue,Medium,Investigate delivery attempts
ORD003832,DRV0195,2026-01-08,Ahmedabad,711543,Failed,1,75,90,3.5,Good,Anomaly,Route Issue,Medium,Review route assignment
ORD002105,DRV0089,2026-06-02,Chennai,634789,Delivered,4,21,30,3.0,Good,Normal,Driver/Attempt Issue,Medium,Investigate delivery attempts
ORD009279,DRV0179,2026-01-03,Kolkata,596490,Returned,1,54,90,4.0,Good,Anomaly,Route Issue,Medium,Review route assignment
ORD009285,DRV0170,2026-04-07,Ahmedabad,769953,Delivered,1,41,60,4.4,Good,Anomaly,Route Issue,Medium,Review route assignment
ORD009288,DRV0222,2026-04-07,Chennai,761009,Returned,1,30,45,4.4,Poor,Anomaly,Route Issue,Medium,Review route assignment
ORD009289,DRV0188,2026-03-21,Mumbai,568857,Delivered,6,88,120,4.8,Poor,Normal,Driver/Attempt Issue,Medium,Investigate delivery attempts
ORD009305,DRV0177,2026-03-16,Hyderabad,705835,Delivered,1,32,45,3.4,Good,Anomaly,Route Issue,Medium,Review route assignment
ORD000377,DRV0061,2026-01-13,Bengaluru,705993,Failed,6,54,90,3.0,Good,Normal,Driver/Attempt Issue,Medium,Investigate delivery attempts
ORD000378,DRV0001,2026-01-23,Kolkata,654428,Returned,6,57,90,2.6,Good,Normal,Driver/Attempt Issue,Medium,Investigate delivery attempts
ORD003705,DRV0102,2026-04-24,Hyderabad,608985,Returned,1,39,60,3.3,Good,Anomaly,Route Issue,Medium,Review route assignment
ORD003714,DRV0062,2026-05-11,Hyderabad,799184,Returned,5,62,90,4.6,Good,Normal,Driver/Attempt Issue,Medium,Investigate delivery attempts
ORD003717,DRV0002,2026-02-23,Hyderabad,673076,Delivered,1,42,60,4.1,Good,Anomaly,Route Issue,Medium,Review route assignment
ORD003732,DRV0099,2026-04-25,Chennai,633633,Failed,5,51,90,4.9,Good,Normal,Driver/Attempt Issue,Medium,Investigate delivery attempts
ORD003734,DRV0242,2026-04-20,Bengaluru,666724,Delivered,4,25,45,3.3,Good,Normal,Driver/Attempt Issue,Medium,Investigate delivery attempts
ORD003666,DRV0213,2026-04-28,Delhi,533123,Delivered,5,68,120,4.1,Good,Normal,Driver/Attempt Issue,Medium,Investigate delivery attempts
ORD003690,DRV0166,2026-05-14,Kolkata,777515,Delivered,5,53,60,4.4,Good,Normal,Driver/Attempt Issue,Medium,Investigate delivery attempts
ORD003581,DRV0202,2026-06-13,Kolkata,649678,Delivered,5,59,90,4.8,Poor,Normal,Driver/Attempt Issue,Medium,Investigate delivery attempts
ORD003589,DRV0064,2026-04-19,Delhi,788213,Failed,6,109,120,4.5,Good,Normal,Driver/Attempt Issue,Medium,Investigate delivery attempts
ORD003596,DRV0190,2026-02-06,Delhi,532350,Delivered,6,101,120,4.4,Poor,Normal,Driver/Attempt Issue,Medium,Investigate delivery attempts
ORD000339,DRV0129,2026-02-15,Hyderabad,617013,Failed,5,49,90,2.6,Good,Normal,Driver/Attempt Issue,Medium,Investigate delivery attempts
ORD009309,DRV0047,2026-01-29,Ahmedabad,779401,Returned,6,27,30,2.8,Good,Normal,Driver/Attempt Issue,Medium,Investigate delivery attempts
ORD009316,DRV0130,2026-01-23,Delhi,706530,Delivered,2,59,90,3.7,Good,Anomaly,Route Issue,Medium,Review route assignment
ORD009334,DRV0120,2026-02-14,Pune,601587,Delivered,2,67,90,4.0,Good,Anomaly,Route Issue,Medium,Review route assignment
ORD009340,DRV0158,2026-01-06,Kolkata,630545,Delivered,1,108,120,3.2,Good,Anomaly,Route Issue,Medium,Review route assignment
ORD009247,DRV0236,2026-06-08,Ahmedabad,727652,Delivered,4,46,90,4.5,Good,Normal,Driver/Attempt Issue,Medium,Investigate delivery attempts
ORD003618,DRV0212,2026-02-23,Kolkata,561693,Delivered,1,37,45,4.0,Poor,Anomaly,Route Issue,Medium,Review route assignment
ORD002172,DRV0247,2026-04-21,Bengaluru,609377,Delivered,6,32,45,3.9,Good,Normal,Driver/Attempt Issue,Medium,Investigate delivery attempts
ORD002184,DRV0237,2026-02-09,Delhi,730334,Failed,1,40,60,3.6,Poor,Anomaly,Route Issue,Medium,Review route assignment
ORD002197,DRV0200,2026-05-03,Kolkata,605017,Delivered,6,34,60,4.0,Good,Normal,Driver/Attempt Issue,Medium,Investigate delivery attempts
ORD002205,DRV0059,2026-06-18,Ahmedabad,691561,Delivered,1,55,60,3.4,Good,Anomaly,Route Issue,Medium,Review route assignment
ORD003546,DRV0167,2026-06-27,Pune,778854,Delivered,2,17,30,2.8,Good,Anomaly,Route Issue,Medium,Review route assignment
ORD003552,DRV0138,2026-03-11,Hyderabad,680426,Delivered,6,35,45,3.7,Good,Normal,Driver/Attempt Issue,Medium,Investigate delivery attempts
ORD003558,DRV0185,2026-04-15,Delhi,562300,Delivered,6,80,90,3.1,Good,Normal,Driver/Attempt Issue,Medium,Investigate delivery attempts
ORD003459,DRV0149,2026-06-27,Kolkata,589106,Failed,5,31,45,3.7,Good,Normal,Driver/Attempt Issue,Medium,Investigate delivery attempts
ORD003462,DRV0035,2026-03-25,Hyderabad,763829,Failed,6,73,90,3.5,Good,Normal,Driver/Attempt Issue,Medium,Investigate delivery attempts
ORD003472,DRV0141,2026-05-16,Delhi,799074,Delivered,2,27,30,1.6,Good,Anomaly,Route Issue,Medium,Review route assignment
ORD003475,DRV0002,2026-03-13,Ahmedabad,704690,Delivered,1,40,45,3.0,Poor,Anomaly,Route Issue,Medium,Review route assignment
ORD003499,DRV0073,2026-05-23,Kolkata,684916,Delivered,1,41,60,4.5,Good,Anomaly,Route Issue,Medium,Review route assignment
ORD002232,DRV0148,2026-01-26,Pune,630640,Delivered,1,27,30,1.9,Poor,Anomaly,Route Issue,Medium,Review route assignment
ORD009389,DRV0014,2026-06-03,Mumbai,647590,Delivered,4,49,60,4.9,Poor,Normal,Driver/Attempt Issue,Medium,Investigate delivery attempts
ORD009398,DRV0016,2026-06-24,Delhi,585893,Delivered,6,51,90,3.6,Good,Normal,Driver/Attempt Issue,Medium,Investigate delivery attempts
ORD000305,DRV0147,2026-03-10,Bengaluru,784744,Delivered,5,27,30,3.5,Good,Normal,Driver/Attempt Issue,Medium,Investigate delivery attempts
ORD000317,DRV0224,2026-01-24,Pune,688971,Delivered,1,23,45,4.7,Good,Anomaly,Route Issue,Medium,Review route assignment
ORD000328,DRV0196,2026-01-19,Ahmedabad,508750,Failed,4,36,60,4.7,Good,Normal,Driver/Attempt Issue,Medium,Investigate delivery attempts
ORD000331,DRV0101,2026-03-21,Bengaluru,729368,Returned,5,23,45,2.5,Good,Normal,Driver/Attempt Issue,Medium,Investigate delivery attempts
ORD002257,DRV0083,2026-04-16,Pune,555506,Failed,5,71,120,4.2,Good,Normal,Driver/Attempt Issue,Medium,Investigate delivery attempts
ORD003362,DRV0005,2026-02-04,Hyderabad,683233,Failed,2,43,60,2.8,Good,Anomaly,Route Issue,Medium,Review route assignment
ORD003373,DRV0038,2026-02-09,Delhi,737157,Delivered,5,15,30,3.7,Good,Normal,Driver/Attempt Issue,Medium,Investigate delivery attempts
ORD003411,DRV0170,2026-03-08,Bengaluru,541020,Delivered,6,25,45,3.6,Good,Normal,Driver/Attempt Issue,Medium,Investigate delivery attempts
ORD003418,DRV0013,2026-01-29,Bengaluru,529036,Delivered,5,49,90,3.2,Good,Normal,Driver/Attempt Issue,Medium,Investigate delivery attempts
ORD003447,DRV0002,2026-06-07,Bengaluru,735504,Delivered,6,39,45,4.0,Good,Normal,Driver/Attempt Issue,Medium,Investigate delivery attempts
ORD003455,DRV0109,2026-06-06,Kolkata,702116,Failed,1,30,60,2.6,Good,Anomaly,Route Issue,Medium,Review route assignment
ORD009413,DRV0025,2026-05-07,Mumbai,600892,Failed,1,69,90,3.3,Good,Anomaly,Route Issue,Medium,Review route assignment
ORD009425,DRV0209,2026-03-28,Ahmedabad,646224,Delivered,1,27,45,4.2,Good,Anomaly,Route Issue,Medium,Review route assignment
ORD009453,DRV0128,2026-04-29,Hyderabad,758224,Delivered,6,75,120,2.6,Poor,Normal,Driver/Attempt Issue,Medium,Investigate delivery attempts
ORD009472,DRV0036,2026-04-28,Delhi,712048,Failed,6,83,120,4.9,Poor,Normal,Driver/Attempt Issue,Medium,Investigate delivery attempts
ORD003325,DRV0158,2026-06-25,Kolkata,717809,Returned,6,50,90,3.4,Good,Normal,Driver/Attempt Issue,Medium,Investigate delivery attempts
ORD003336,DRV0049,2026-02-10,Ahmedabad,528817,Delivered,4,20,30,4.9,Good,Normal,Driver/Attempt Issue,Medium,Investigate delivery attempts
ORD002277,DRV0011,2026-04-07,Kolkata,539844,Delivered,1,92,120,4.9,Good,Anomaly,Route Issue,Medium,Review route assignment
ORD002279,DRV0181,2026-01-17,Chennai,543887,Delivered,4,28,30,3.7,Good,Normal,Driver/Attempt Issue,Medium,Investigate delivery attempts
ORD002281,DRV0138,2026-04-13,Ahmedabad,656213,Delivered,1,67,120,3.6,Poor,Anomaly,Route Issue,Medium,Review route assignment
ORD002295,DRV0226,2026-06-22,Kolkata,606874,Delivered,2,50,90,2.9,Poor,Anomaly,Route Issue,Medium,Review route assignment
ORD002305,DRV0036,2026-04-25,Delhi,607028,Delivered,4,96,120,4.3,Good,Normal,Driver/Attempt Issue,Medium,Investigate delivery attempts
ORD002312,DRV0098,2026-05-30,Pune,779814,Delivered,4,30,60,4.8,Poor,Normal,Driver/Attempt Issue,Medium,Investigate delivery attempts
ORD003208,DRV0090,2026-03-23,Kolkata,519241,Delivered,6,39,60,3.7,Poor,Normal,Driver/Attempt Issue,Medium,Investigate delivery attempts
ORD003178,DRV0246,2026-03-01,Delhi,661284,Delivered,1,40,45,3.0,Good,Anomaly,Route Issue,Medium,Review route assignment
ORD003185,DRV0072,2026-05-22,Delhi,614719,Delivered,3,48,60,3.9,Good,Anomaly,Route Issue,Medium,Review route assignment
ORD003188,DRV0248,2026-01-23,Pune,533748,Returned,1,84,120,2.8,Good,Anomaly,Route Issue,Medium,Review route assignment
ORD003200,DRV0028,2026-05-16,Chennai,682989,Delivered,4,38,45,4.0,Good,Normal,Driver/Attempt Issue,Medium,Investigate delivery attempts
ORD003203,DRV0107,2026-02-25,Pune,694395,Delivered,1,77,120,3.4,Good,Anomaly,Route Issue,Medium,Review route assignment
ORD003055,DRV0154,2026-03-13,Mumbai,533771,Delivered,5,21,30,3.1,Good,Normal,Driver/Attempt Issue,Medium,Investigate delivery attempts
ORD002997,DRV0205,2026-04-03,Hyderabad,516714,Failed,6,42,60,4.9,Good,Normal,Driver/Attempt Issue,Medium,Investigate delivery attempts
ORD003013,DRV0101,2026-01-04,Chennai,531043,Delivered,1,24,30,3.6,Good,Anomaly,Route Issue,Medium,Review route assignment
ORD009593,DRV0123,2026-05-04,Pune,506459,Returned,1,72,90,3.0,Poor,Anomaly,Route Issue,Medium,Review route assignment
ORD009597,DRV0037,2026-03-08,Kolkata,745525,Delivered,6,63,120,4.3,Poor,Normal,Driver/Attempt Issue,Medium,Investigate delivery attempts
ORD009516,DRV0209,2026-03-04,Bengaluru,613458,Delivered,1,51,60,4.6,Good,Anomaly,Route Issue,Medium,Review route assignment
ORD009522,DRV0019,2026-05-03,Chennai,571962,Delivered,1,109,120,4.2,Good,Anomaly,Route Issue,Medium,Review route assignment
ORD003049,DRV0187,2026-01-01,Mumbai,655638,Returned,1,71,90,4.1,Good,Anomaly,Route Issue,Medium,Review route assignment
ORD003053,DRV0139,2026-05-05,Mumbai,619452,Delivered,1,27,30,4.9,Good,Anomaly,Route Issue,Medium,Review route assignment
ORD002362,DRV0079,2026-06-15,Chennai,665228,Delivered,1,47,90,4.5,Poor,Anomaly,Route Issue,Medium,Review route assignment
ORD002363,DRV0177,2026-05-17,Delhi,552986,Failed,4,19,30,2.9,Good,Normal,Driver/Attempt Issue,Medium,Investigate delivery attempts
ORD002366,DRV0146,2026-02-23,Mumbai,685194,Delivered,5,26,30,3.6,Good,Normal,Driver/Attempt Issue,Medium,Investigate delivery attempts
ORD002367,DRV0140,2026-04-21,Delhi,547368,Delivered,5,44,60,4.2,Good,Normal,Driver/Attempt Issue,Medium,Investigate delivery attempts
ORD002375,DRV0240,2026-03-09,Bengaluru,635876,Returned,1,23,30,3.4,Poor,Anomaly,Route Issue,Medium,Review route assignment
ORD000282,DRV0206,2026-04-23,Delhi,675498,Delivered,2,68,120,4.5,Good,Anomaly,Route Issue,Medium,Review route assignment
ORD000291,DRV0124,2026-03-17,Bengaluru,718090,Delivered,5,33,45,4.8,Good,Normal,Driver/Attempt Issue,Medium,Investigate delivery attempts
ORD009556,DRV0239,2026-02-28,Ahmedabad,615226,Delivered,4,109,120,3.9,Good,Normal,Driver/Attempt Issue,Medium,Investigate delivery attempts
ORD009568,DRV0060,2026-05-15,Chennai,609089,Failed,2,21,30,3.2,Poor,Anomaly,Route Issue,Medium,Review route assignment
ORD009569,DRV0209,2026-01-15,Hyderabad,667019,Delivered,4,40,45,3.5,Good,Normal,Driver/Attempt Issue,Medium,Investigate delivery attempts
ORD009579,DRV0052,2026-04-29,Mumbai,568974,Delivered,3,64,90,3.8,Poor,Anomaly,Route Issue,Medium,Review route assignment
ORD009581,DRV0169,2026-03-15,Kolkata,576035,Delivered,1,61,90,3.8,Good,Anomaly,Route Issue,Medium,Review route assignment
ORD002386,DRV0119,2026-01-02,Chennai,640787,Delivered,6,26,30,3.6,Good,Normal,Driver/Attempt Issue,Medium,Investigate delivery attempts
ORD002397,DRV0158,2026-01-23,Ahmedabad,599356,Delivered,4,27,45,3.7,Good,Normal,Driver/Attempt Issue,Medium,Investigate delivery attempts
ORD002403,DRV0047,2026-05-31,Mumbai,641493,Delivered,1,24,30,3.6,Good,Anomaly,Route Issue,Medium,Review route assignment
ORD002931,DRV0170,2026-02-10,Mumbai,716962,Delivered,1,26,30,2.8,Good,Anomaly,Route Issue,Medium,Review route assignment
ORD002946,DRV0011,2026-05-15,Kolkata,622960,Delivered,1,30,60,4.9,Good,Anomaly,Route Issue,Medium,Review route assignment
ORD002956,DRV0210,2026-04-19,Kolkata,691295,Delivered,4,31,45,3.4,Good,Normal,Driver/Attempt Issue,Medium,Investigate delivery attempts
ORD002973,DRV0226,2026-04-28,Chennai,710511,Delivered,6,35,45,4.8,Good,Anomaly,Driver/Attempt Issue,Medium,Investigate delivery attempts
ORD009644,DRV0032,2026-05-01,Chennai,776372,Delivered,4,66,120,4.3,Good,Normal,Driver/Attempt Issue,Medium,Investigate delivery attempts
ORD009647,DRV0210,2026-02-04,Kolkata,535123,Delivered,1,75,90,4.2,Good,Anomaly,Route Issue,Medium,Review route assignment
ORD009657,DRV0036,2026-05-03,Ahmedabad,516144,Delivered,6,47,60,3.1,Poor,Normal,Driver/Attempt Issue,Medium,Investigate delivery attempts
ORD009684,DRV0116,2026-01-02,Delhi,658867,Delivered,4,55,60,2.2,Good,Normal,Driver/Attempt Issue,Medium,Investigate delivery attempts
ORD000256,DRV0179,2026-04-12,Mumbai,625478,Failed,1,42,60,3.0,Good,Anomaly,Route Issue,Medium,Review route assignment
ORD000271,DRV0145,2026-05-26,Mumbai,704030,Returned,4,42,60,4.0,Good,Anomaly,Driver/Attempt Issue,Medium,Investigate delivery attempts
ORD002985,DRV0147,2026-04-13,Hyderabad,680685,Delivered,6,29,45,2.7,Good,Normal,Driver/Attempt Issue,Medium,Investigate delivery attempts
ORD002996,DRV0077,2026-04-21,Mumbai,676798,Failed,1,27,30,3.2,Good,Anomaly,Route Issue,Medium,Review route assignment
ORD002879,DRV0078,2026-04-15,Bengaluru,743275,Failed,2,25,45,2.9,Good,Anomaly,Route Issue,Medium,Review route assignment
ORD002883,DRV0028,2026-06-14,Mumbai,627673,Delivered,1,37,45,4.1,Poor,Anomaly,Route Issue,Medium,Review route assignment
ORD002910,DRV0066,2026-02-05,Pune,538246,Delivered,6,43,60,3.3,Good,Normal,Driver/Attempt Issue,Medium,Investigate delivery attempts
ORD002911,DRV0048,2026-02-20,Chennai,653462,Delivered,5,19,30,3.7,Good,Normal,Driver/Attempt Issue,Medium,Investigate delivery attempts
ORD002914,DRV0050,2026-06-15,Ahmedabad,581820,Returned,1,104,120,3.1,Good,Anomaly,Route Issue,Medium,Review route assignment
ORD002814,DRV0152,2026-06-07,Mumbai,786459,Returned,1,20,30,3.0,Good,Anomaly,Route Issue,Medium,Review route assignment
ORD002833,DRV0125,2026-02-22,Bengaluru,784974,Delivered,1,55,60,4.8,Good,Anomaly,Route Issue,Medium,Review route assignment
ORD002749,DRV0087,2026-06-26,Delhi,733880,Delivered,2,60,90,3.0,Good,Anomaly,Route Issue,Medium,Review route assignment
ORD002797,DRV0219,2026-03-13,Chennai,519586,Delivered,6,40,45,2.0,Good,Normal,Driver/Attempt Issue,Medium,Investigate delivery attempts
ORD002801,DRV0063,2026-03-27,Pune,715860,Returned,6,28,45,3.8,Good,Normal,Driver/Attempt Issue,Medium,Investigate delivery attempts
ORD002417,DRV0005,2026-03-05,Kolkata,652929,Returned,1,74,90,4.8,Good,Anomaly,Route Issue,Medium,Review route assignment
ORD002460,DRV0227,2026-04-01,Chennai,526701,Returned,4,24,30,2.2,Good,Normal,Driver/Attempt Issue,Medium,Investigate delivery attempts
ORD009903,DRV0170,2026-04-04,Kolkata,724483,Delivered,5,57,60,2.9,Good,Normal,Driver/Attempt Issue,Medium,Investigate delivery attempts
ORD009789,DRV0009,2026-01-19,Bengaluru,759455,Delivered,1,40,45,2.7,Good,Anomaly,Route Issue,Medium,Review route assignment
ORD009805,DRV0030,2026-06-19,Pune,714928,Delivered,4,25,30,2.1,Good,Normal,Driver/Attempt Issue,Medium,Investigate delivery attempts
ORD009810,DRV0250,2026-01-27,Kolkata,794419,Delivered,1,60,90,4.7,Good,Anomaly,Route Issue,Medium,Review route assignment
ORD009628,DRV0151,2026-03-12,Chennai,506721,Delivered,1,49,60,2.9,Poor,Anomaly,Route Issue,Medium,Review route assignment
ORD009630,DRV0233,2026-02-09,Chennai,785174,Delivered,1,63,90,3.6,Good,Anomaly,Route Issue,Medium,Review route assignment
ORD009637,DRV0157,2026-02-14,Chennai,549438,Delivered,6,43,60,3.7,Good,Normal,Driver/Attempt Issue,Medium,Investigate delivery attempts
ORD002472,DRV0083,2026-01-30,Hyderabad,713160,Delivered,2,49,90,3.3,Good,Anomaly,Route Issue,Medium,Review route assignment
ORD002684,DRV0205,2026-03-26,Ahmedabad,668339,Delivered,1,52,60,3.6,Good,Anomaly,Route Issue,Medium,Review route assignment
ORD002694,DRV0163,2026-03-09,Kolkata,715809,Returned,1,88,120,4.6,Good,Anomaly,Route Issue,Medium,Review route assignment
ORD002712,DRV0075,2026-04-02,Hyderabad,537377,Delivered,1,40,60,2.6,Good,Anomaly,Route Issue,Medium,Review route assignment
ORD002713,DRV0045,2026-03-19,Pune,636321,Delivered,5,99,120,4.5,Good,Normal,Driver/Attempt Issue,Medium,Investigate delivery attempts
ORD002714,DRV0002,2026-02-21,Chennai,605691,Failed,1,87,120,4.3,Good,Anomaly,Route Issue,Medium,Review route assignment
ORD002630,DRV0077,2026-03-17,Chennai,662796,Delivered,5,47,60,3.7,Poor,Normal,Driver/Attempt Issue,Medium,Investigate delivery attempts
ORD000221,DRV0246,2026-03-13,Mumbai,792598,Delivered,1,54,60,4.5,Good,Anomaly,Route Issue,Medium,Review route assignment
ORD000241,DRV0191,2026-05-29,Mumbai,538288,Delivered,4,23,30,2.7,Good,Normal,Driver/Attempt Issue,Medium,Investigate delivery attempts
ORD000249,DRV0061,2026-02-06,Pune,773285,Delivered,4,31,60,4.1,Poor,Normal,Driver/Attempt Issue,Medium,Investigate delivery attempts
ORD000253,DRV0100,2026-03-07,Mumbai,606607,Delivered,6,68,90,4.1,Good,Normal,Driver/Attempt Issue,Medium,Investigate delivery attempts
ORD009848,DRV0067,2026-03-06,Ahmedabad,644244,Delivered,2,36,60,3.7,Poor,Anomaly,Route Issue,Medium,Review route assignment
ORD002642,DRV0178,2026-06-03,Kolkata,608342,Delivered,1,53,60,4.9,Good,Anomaly,Route Issue,Medium,Review route assignment
ORD002643,DRV0052,2026-02-18,Hyderabad,745588,Delivered,4,23,30,4.2,Poor,Normal,Driver/Attempt Issue,Medium,Investigate delivery attempts
ORD002663,DRV0162,2026-05-21,Bengaluru,704099,Delivered,6,73,120,3.7,Good,Normal,Driver/Attempt Issue,Medium,Investigate delivery attempts
ORD002666,DRV0249,2026-01-27,Kolkata,720200,Delivered,1,46,90,3.5,Good,Anomaly,Route Issue,Medium,Review route assignment
ORD002483,DRV0042,2026-04-09,Mumbai,509888,Delivered,5,43,60,3.6,Good,Normal,Driver/Attempt Issue,Medium,Investigate delivery attempts
ORD002503,DRV0241,2026-04-19,Bengaluru,504122,Delivered,1,27,45,4.7,Good,Anomaly,Route Issue,Medium,Review route assignment
ORD002508,DRV0148,2026-01-29,Mumbai,730985,Delivered,1,72,90,3.6,Good,Anomaly,Route Issue,Medium,Review route assignment
ORD002511,DRV0033,2026-06-29,Ahmedabad,582839,Delivered,5,17,30,3.2,Poor,Normal,Driver/Attempt Issue,Medium,Investigate delivery attempts
ORD002523,DRV0032,2026-03-10,Chennai,641674,Delivered,1,63,120,2.8,Good,Anomaly,Route Issue,Medium,Review route assignment
ORD009914,DRV0117,2026-05-12,Ahmedabad,660904,Delivered,4,89,120,4.8,Poor,Normal,Driver/Attempt Issue,Medium,Investigate delivery attempts
ORD009930,DRV0045,2026-02-09,Pune,753018,Delivered,6,26,30,4.4,Poor,Normal,Driver/Attempt Issue,Medium,Investigate delivery attempts
ORD009938,DRV0083,2026-02-28,Delhi,732763,Delivered,4,23,45,5.0,Good,Normal,Driver/Attempt Issue,Medium,Investigate delivery attempts
ORD009943,DRV0162,2026-06-21,Bengaluru,548124,Delivered,2,16,30,3.3,Good,Anomaly,Route Issue,Medium,Review route assignment
ORD009969,DRV0194,2026-03-22,Ahmedabad,626645,Delivered,1,56,60,4.0,Poor,Anomaly,Route Issue,Medium,Review route assignment
ORD000171,DRV0213,2026-01-24,Kolkata,616411,Delivered,6,21,30,2.9,Good,Normal,Driver/Attempt Issue,Medium,Investigate delivery attempts
ORD002548,DRV0095,2026-05-18,Mumbai,593132,Delivered,1,50,90,3.9,Good,Anomaly,Route Issue,Medium,Review route assignment
ORD002598,DRV0104,2026-02-03,Kolkata,508155,Failed,1,22,45,4.3,Good,Anomaly,Route Issue,Medium,Review route assignment
ORD002622,DRV0160,2026-05-24,Pune,710071,Delivered,6,112,120,3.5,Poor,Normal,Driver/Attempt Issue,Medium,Investigate delivery attempts
ORD002626,DRV0182,2026-03-23,Chennai,618247,Delivered,1,84,90,4.6,Good,Anomaly,Route Issue,Medium,Review route assignment
ORD000005,DRV0155,2026-01-12,Pune,740870,Failed,5,50,90,3.6,Poor,Normal,Driver/Attempt Issue,Medium,Investigate delivery attempts
ORD000019,DRV0169,2026-05-21,Ahmedabad,586574,Delivered,1,87,120,2.5,Good,Anomaly,Route Issue,Medium,Review route assignment
ORD000127,DRV0013,2026-03-04,Delhi,566020,Failed,4,73,120,2.7,Poor,Normal,Driver/Attempt Issue,Medium,Investigate delivery attempts
ORD000124,DRV0095,2026-05-31,Kolkata,581014,Delivered,1,84,90,4.7,Good,Anomaly,Route Issue,Medium,Review route assignment
ORD000121,DRV0211,2026-01-28,Delhi,622590,Delivered,5,80,120,4.2,Poor,Normal,Driver/Attempt Issue,Medium,Investigate delivery attempts
ORD007635,DRV0082,2026-01-17,Kolkata,522088,Failed,5,31,45,4.1,Poor,Normal,Driver/Attempt Issue,Medium,Investigate delivery attempts
ORD000097,DRV0053,2026-05-21,Pune,568688,Delivered,1,52,90,3.4,Good,Anomaly,Route Issue,Medium,Review route assignment
ORD009024,DRV0198,2026-02-20,Hyderabad,785137,Failed,1,20,30,3.5,Good,Anomaly,Route Issue,Medium,Review route assignment
